No.	Lokal	Matched Comment Rows	Numbers Updated At
1	Baguio City	8988	Fetched 05/27/2026, 7:00:03 PM GMT+8
2	Atok Gold	8238	Fetched 05/27/2026, 7:00:03 PM GMT+8
3	La Trinidad	6131	Fetched 05/27/2026, 7:00:03 PM GMT+8
4	Aurora Hill	2202	Fetched 05/27/2026, 7:00:03 PM GMT+8
5	Norcar	1802	Fetched 05/27/2026, 7:00:03 PM GMT+8
6	Quezon Hill	1756	Fetched 05/27/2026, 7:00:03 PM GMT+8
7	Hillside	1253	Fetched 05/27/2026, 7:00:03 PM GMT+8
8	Loakan Airport	1216	Fetched 05/27/2026, 7:00:03 PM GMT+8
9	Guisad	909	Fetched 05/27/2026, 7:00:03 PM GMT+8
10	Irisan	889	Fetched 05/27/2026, 7:00:03 PM GMT+8
11	Tublay	718	Fetched 05/27/2026, 7:00:03 PM GMT+8
12	Marcos Highway	595	Fetched 05/27/2026, 7:00:03 PM GMT+8
13	Gibraltar	555	Fetched 05/27/2026, 7:00:03 PM GMT+8
14	Kias	466	Fetched 05/27/2026, 7:00:03 PM GMT+8
15	Tuba	459	Fetched 05/27/2026, 7:00:03 PM GMT+8
16	Balatoc	433	Fetched 05/27/2026, 7:00:03 PM GMT+8
17	Megaroyale Village	422	Fetched 05/27/2026, 7:00:03 PM GMT+8
18	City Camp	342	Fetched 05/27/2026, 7:00:03 PM GMT+8
19	Sayatan	281	Fetched 05/27/2026, 7:00:03 PM GMT+8
20	Pinsao	217	Fetched 05/27/2026, 7:00:03 PM GMT+8
21	Lourdes	202	Fetched 05/27/2026, 7:00:03 PM GMT+8
22	Loacan	196	Fetched 05/27/2026, 7:00:03 PM GMT+8
23	Camp 7	164	Fetched 05/27/2026, 7:00:03 PM GMT+8
24	Bangho	159	Fetched 05/27/2026, 7:00:03 PM GMT+8
25	Buyagan	158	Fetched 05/27/2026, 7:00:03 PM GMT+8
26	Ambiong	151	Fetched 05/27/2026, 7:00:03 PM GMT+8
27	Mirador Hills	146	Fetched 05/27/2026, 7:00:03 PM GMT+8
28	Camp 6	145	Fetched 05/27/2026, 7:00:03 PM GMT+8
29	San Luis	132	Fetched 05/27/2026, 7:00:03 PM GMT+8
30	Tomay	116	Fetched 05/27/2026, 7:00:03 PM GMT+8
31	Balakbak	99	Fetched 05/27/2026, 7:00:03 PM GMT+8
32	Camp 8	93	Fetched 05/27/2026, 7:00:03 PM GMT+8
33	Philex	92	Fetched 05/27/2026, 7:00:03 PM GMT+8
34	Greenwater	89	Fetched 05/27/2026, 7:00:03 PM GMT+8
35	Penged	87	Fetched 05/27/2026, 7:00:03 PM GMT+8
36	Taloy Sur	86	Fetched 05/27/2026, 7:00:03 PM GMT+8
37	Binanga	80	Fetched 05/27/2026, 7:00:03 PM GMT+8
38	Posos	75	Fetched 05/27/2026, 7:00:03 PM GMT+8
39	Lacaan	60	Fetched 05/27/2026, 7:00:03 PM GMT+8
40	Sablan	57	Fetched 05/27/2026, 7:00:03 PM GMT+8
41	Kapangan	43	Fetched 05/27/2026, 7:00:03 PM GMT+8
42	San Carlos Heights	43	Fetched 05/27/2026, 7:00:03 PM GMT+8
43	Tadiangan	42	Fetched 05/27/2026, 7:00:03 PM GMT+8
44	Basca	36	Fetched 05/27/2026, 7:00:03 PM GMT+8