KDO Comment Ranking - One Account Per Officer,,,,,,,,,,,,,,,,,,,,,,,,,,,,
Rank,Officer Name,Selected YouTube Username,Total Comments,Latest Comment Time,Latest Estimated Date,05/01/2026,05/02/2026,05/03/2026,05/04/2026,05/05/2026,05/06/2026,05/07/2026,05/08/2026,05/09/2026,05/10/2026,05/11/2026,05/12/2026,05/13/2026,05/14/2026,05/15/2026,05/16/2026,05/17/2026,05/18/2026,05/19/2026,05/20/2026,05/21/2026,05/22/2026,Fetched At
1,Rhyndylyn,almazanrhyndylyn,388,44 minutes ago,05/22/2026,2,0,0,0,0,0,0,12,16,17,23,16,18,21,17,16,20,60,49,27,23,51,"Fetched 05/22/2026, 10:00:05 PM GMT+8"
2,Anle,@johnreylucio8970,352,6 hours ago,05/22/2026,0,0,0,0,0,0,0,18,4,18,18,44,29,61,22,25,41,19,26,10,11,6,"Fetched 05/22/2026, 10:00:05 PM GMT+8"
3,Jonie,@jonieyonga-an5239,314,1 hour ago,05/22/2026,0,0,0,0,0,0,0,28,12,16,18,16,22,34,14,46,47,20,11,14,9,7,"Fetched 05/22/2026, 10:00:05 PM GMT+8"
4,Lui,@luibustamante9493,250,23 minutes ago,05/22/2026,0,0,0,0,0,0,0,23,15,13,12,17,16,18,28,17,14,15,21,14,15,12,"Fetched 05/22/2026, 10:00:05 PM GMT+8"
5,Henry,@henrycaranto2644,234,25 minutes ago,05/22/2026,0,0,0,0,0,0,0,21,15,13,17,13,13,16,15,15,16,16,16,17,15,16,"Fetched 05/22/2026, 10:00:05 PM GMT+8"
6,Gwyneth,gwynethcayabyab5981,207,46 minutes ago,05/22/2026,0,0,0,0,0,0,0,7,16,16,16,16,16,13,15,14,13,15,12,13,13,12,"Fetched 05/22/2026, 10:00:05 PM GMT+8"
7,Juls,@Julskie28,201,33 minutes ago,05/22/2026,0,0,0,0,0,0,0,11,5,15,14,16,13,12,15,16,14,13,16,16,14,11,"Fetched 05/22/2026, 10:00:05 PM GMT+8"
8,Jas,@jasminedaludado7262,145,6 hours ago,05/22/2026,0,0,0,0,0,0,0,10,3,0,19,14,14,11,18,0,6,9,15,14,9,3,"Fetched 05/22/2026, 10:00:05 PM GMT+8"
9,Febei,@kristine7303,136,12 hours ago,05/22/2026,0,0,0,0,0,0,0,10,6,8,14,15,15,0,8,8,12,14,11,11,2,2,"Fetched 05/22/2026, 10:00:05 PM GMT+8"
10,Rejomar,@RejomarTayaban,125,14 hours ago,05/22/2026,0,0,0,0,0,0,0,7,3,4,13,13,17,5,7,10,12,9,11,8,5,1,"Fetched 05/22/2026, 10:00:05 PM GMT+8"
11,Wink,@winkdelarosa2397,95,14 hours ago,05/22/2026,0,0,0,0,0,0,0,7,1,4,19,12,7,1,8,18,13,2,1,1,0,1,"Fetched 05/22/2026, 10:00:05 PM GMT+8"
12,Gelo,@gelo4828,75,4 hours ago,05/22/2026,1,0,0,0,0,0,0,2,3,11,24,0,0,1,8,2,7,0,4,5,3,4,"Fetched 05/22/2026, 10:00:05 PM GMT+8"
13,Ysay,@yzabelgayadan6013,75,5 hours ago,05/22/2026,0,0,0,0,0,0,0,3,3,7,15,3,0,1,3,11,1,7,3,4,10,4,"Fetched 05/22/2026, 10:00:05 PM GMT+8"
14,Jazy,@KaJaz-r3n,65,4 days ago,05/18/2026,0,0,0,0,0,0,0,7,4,12,13,13,11,2,1,0,1,1,0,0,0,0,"Fetched 05/22/2026, 10:00:05 PM GMT+8"
15,Kim,kimberlysarmiento1034,57,2 days ago,05/20/2026,0,0,0,0,0,0,0,3,0,2,1,1,9,14,5,12,2,1,6,1,0,0,"Fetched 05/22/2026, 10:00:05 PM GMT+8"
16,Meryll,@meryllsagampod7982,27,2 days ago,05/20/2026,0,0,0,0,0,0,0,3,2,8,0,2,0,1,0,1,2,2,4,2,0,0,"Fetched 05/22/2026, 10:00:05 PM GMT+8"
17,Zky,@Its_Handsome_Kurtzky5442,24,27 minutes ago,05/22/2026,0,0,0,0,0,0,0,4,0,2,1,2,0,2,0,0,0,3,9,0,0,1,"Fetched 05/22/2026, 10:00:05 PM GMT+8"
18,Yancy,@Takoshenchie,16,4 days ago,05/18/2026,0,0,0,0,0,0,0,9,1,2,1,0,0,0,0,1,1,1,0,0,0,0,"Fetched 05/22/2026, 10:00:05 PM GMT+8"
19,Elle,@ellec01914,0,,,0,0,0,0,0,0,0,0,0,0,0,0,0,0,0,0,0,0,0,0,0,0,"Fetched 05/22/2026, 10:00:05 PM GMT+8"
20,Yayi,@AllenAndreiBelen,0,,,0,0,0,0,0,0,0,0,0,0,0,0,0,0,0,0,0,0,0,0,0,0,"Fetched 05/22/2026, 10:00:05 PM GMT+8"