8001,Baguio City,@giloribello,2 weeks ago,Magandang Gising sa mga taga-BAGUIO City locale,https://www.youtube.com/watch?v=ROa3kbG5M0U&lc=UgxIECBd09xrAH5TqmR4AaABAg,UgxIECBd09xrAH5TqmR4AaABAg,UCDoxrvwIaC8g19_zJaWhluQ,"Fetched 05/24/2026, 8:08:10 PM GMT+8"
8002,Baguio City,@giloribello,2 weeks ago,Masayang Gising po sa mga taga-BAGUIO City locale  /  / 😊😊😊😊😊,https://www.youtube.com/watch?v=ROa3kbG5M0U&lc=UgxHP-bX3LnItTkWIO94AaABAg,UgxHP-bX3LnItTkWIO94AaABAg,UCDoxrvwIaC8g19_zJaWhluQ,"Fetched 05/24/2026, 8:08:10 PM GMT+8"
8003,Baguio City,@Jonnerguilod,2 weeks ago,Good Morning po! /  / Shout out po sa mga kasama po naming Mang-aawit sa Lokal ng Baguio City!,https://www.youtube.com/watch?v=ROa3kbG5M0U&lc=UgxIETpUfRtuZOXEVCN4AaABAg,UgxIETpUfRtuZOXEVCN4AaABAg,UCUziou_rMXx7lIZ3VI2K55Q,"Fetched 05/24/2026, 8:08:10 PM GMT+8"
8004,Baguio City,@JonnerGuilod-ye5rs,2 weeks ago (edited),Good Morning po Watching from Lokal ng Baguio City! /  / Shout out po sa mga kasama po naming Mang-aawit sa Lokal ng Baguio City!,https://www.youtube.com/watch?v=ROa3kbG5M0U&lc=UgwyF6q2aOxY7GyUSNJ4AaABAg,UgwyF6q2aOxY7GyUSNJ4AaABAg,UCqAZvKcFKWAYBEWjNAhZEZw,"Fetched 05/24/2026, 8:08:10 PM GMT+8"
8005,Baguio City,@marneliebatalla8117,2 weeks ago,"Happy viewing po mga kapatid, from lokal ng Baguio City",https://www.youtube.com/watch?v=ROa3kbG5M0U&lc=UgxsKOhoyHkz5BTUAGB4AaABAg,UgxsKOhoyHkz5BTUAGB4AaABAg,UCGZeqKpiLqcjH02gBjGj7kQ,"Fetched 05/24/2026, 8:08:10 PM GMT+8"
8006,Baguio City,@henrycaranto2644,2 weeks ago,Benguet 🎉🍓🍓 / Pagbati po sa lahat mula sa Lahat ng KADIWA dito po sa Benguet.😊 / Mula po sa Lokal ng BAGUIO CITY🎉,https://www.youtube.com/watch?v=ROa3kbG5M0U&lc=Ugz1YGaR6JRTlvN0r4Z4AaABAg,Ugz1YGaR6JRTlvN0r4Z4AaABAg,UCFilTOy22FklSkBIgwVPVaQ,"Fetched 05/24/2026, 8:08:10 PM GMT+8"
8007,Baguio City,@giloribello,2 weeks ago,Gising na Gising Baguio City,https://www.youtube.com/watch?v=ROa3kbG5M0U&lc=UgxFhXQAFd9LIBZ9aDZ4AaABAg,UgxFhXQAFd9LIBZ9aDZ4AaABAg,UCDoxrvwIaC8g19_zJaWhluQ,"Fetched 05/24/2026, 8:08:10 PM GMT+8"
8008,Baguio City,@AbegailBalolong,2 weeks ago,Happy Viewing po from LOCAL NG BAGUIO CITY DISTRICT OF BENGUET 🇮🇹,https://www.youtube.com/watch?v=ROa3kbG5M0U&lc=UgxSBm9QsJsoOp0ai6N4AaABAg,UgxSBm9QsJsoOp0ai6N4AaABAg,UChiZf3rJgQqRwuAE-ZCS6UQ,"Fetched 05/24/2026, 8:08:10 PM GMT+8"
8009,Baguio City,@AbegailBalolong,2 weeks ago,Hello po sa mga taga BAGUIO CITY DISTRICT OF BENGUET 🇮🇹,https://www.youtube.com/watch?v=ROa3kbG5M0U&lc=Ugzq92BIFYsPc4NaDXd4AaABAg,Ugzq92BIFYsPc4NaDXd4AaABAg,UChiZf3rJgQqRwuAE-ZCS6UQ,"Fetched 05/24/2026, 8:08:10 PM GMT+8"
8010,Baguio City,@AbegailBalolong,2 weeks ago,Greetings po para sa mga kalihim ng BAGUIO CITY DISTRICT OF BENGUET 🇮🇹,https://www.youtube.com/watch?v=ROa3kbG5M0U&lc=UgzU1HdYiwe1HThqKB54AaABAg,UgzU1HdYiwe1HThqKB54AaABAg,UChiZf3rJgQqRwuAE-ZCS6UQ,"Fetched 05/24/2026, 8:08:10 PM GMT+8"
8011,Baguio City,@AbegailBalolong,2 weeks ago,Good morning po mga kapatid mula po sa LOKAL NG BAGUIO CITY DISTRITO NG BENGUET 🇮🇹,https://www.youtube.com/watch?v=ROa3kbG5M0U&lc=Ugy4-qdrHCCZkLaJXEV4AaABAg,Ugy4-qdrHCCZkLaJXEV4AaABAg,UChiZf3rJgQqRwuAE-ZCS6UQ,"Fetched 05/24/2026, 8:08:10 PM GMT+8"
8012,Baguio City,@Jerald-z6n,2 weeks ago,"Happy Viewing po mula sa Lokal ng Baguio City, Distrito ng Benguet",https://www.youtube.com/watch?v=ROa3kbG5M0U&lc=UgyAoX-XT9dV_X4uMLN4AaABAg,UgyAoX-XT9dV_X4uMLN4AaABAg,UC8g_QZnHM6Ifblgpu6cGOqQ,"Fetched 05/24/2026, 8:08:10 PM GMT+8"
8013,Baguio City,@danielsangalang4416,2 weeks ago,Happy watching po mula po sa Lokal Ng Baguio City.,https://www.youtube.com/watch?v=ROa3kbG5M0U&lc=UgwuIeEsFcvrE2MUGa54AaABAg,UgwuIeEsFcvrE2MUGa54AaABAg,UCd83g5cGg_Es6Qyl02u7jdw,"Fetched 05/24/2026, 8:08:10 PM GMT+8"
8014,Baguio City,@danielsangalang4416,2 weeks ago,Happy watching po mula po sa Lokal Ng Baguio City,https://www.youtube.com/watch?v=ROa3kbG5M0U&lc=UgxcQUwSOBhsfC6YsVl4AaABAg,UgxcQUwSOBhsfC6YsVl4AaABAg,UCd83g5cGg_Es6Qyl02u7jdw,"Fetched 05/24/2026, 8:08:10 PM GMT+8"
8015,Baguio City,@AdliselbAoad,2 weeks ago,"Good Morning Brethren! / Locale of Baguio City,District of Benguet",https://www.youtube.com/watch?v=ROa3kbG5M0U&lc=UgyFM1RNuH4MEbI_8Rx4AaABAg,UgyFM1RNuH4MEbI_8Rx4AaABAg,UCDFkFpLctdryYbzB6sMOn3A,"Fetched 05/24/2026, 8:08:10 PM GMT+8"
8016,Baguio City,@EleanorMislang,2 weeks ago,Good morning po sa lahat ng mga kapatid s buong mundo.pgbati po mula s lokal ng Baguio city distrito po ng Benguet.,https://www.youtube.com/watch?v=ROa3kbG5M0U&lc=Ugw-kO7pAas6GMpFcld4AaABAg,Ugw-kO7pAas6GMpFcld4AaABAg,UC-SX89r34HKuT1KlN8J7WTA,"Fetched 05/24/2026, 8:08:10 PM GMT+8"
8017,Baguio City,@EthanMislang3,2 weeks ago,Happy Viewing from lokal ng Baguio City,https://www.youtube.com/watch?v=ROa3kbG5M0U&lc=Ugxo0dhD3Ci907tvTJR4AaABAg,Ugxo0dhD3Ci907tvTJR4AaABAg,UCPGKpSnscn6R1tkPW5YC7tQ,"Fetched 05/24/2026, 8:08:10 PM GMT+8"
8018,Baguio City,@johnrilorganista4151,2 weeks ago,Happy viewing po from Lokal ng Baguio City Distrito ng Benguet,https://www.youtube.com/watch?v=ROa3kbG5M0U&lc=UgzrxrekyixJQ8MJRoF4AaABAg,UgzrxrekyixJQ8MJRoF4AaABAg,UCMY15ZfuTBAV2HGAfnWytnw,"Fetched 05/24/2026, 8:08:10 PM GMT+8"
8019,Baguio City,@AhlivienBohol,2 weeks ago,"Magandang Umaga po mga kapatid, masayang pagbati po mula sa Lokal ng Baguio City 😊",https://www.youtube.com/watch?v=ROa3kbG5M0U&lc=UgwXGx-LYvj1Yh3qeC54AaABAg,UgwXGx-LYvj1Yh3qeC54AaABAg,UCRev6fWBQis-wPLaaRpVyiw,"Fetched 05/24/2026, 8:08:10 PM GMT+8"
8020,Baguio City,@elginemanlong5910,2 weeks ago,"Maligayang panonood po mga kapatid… / Mula po sa Lokal ng Baguio City, Benguet",https://www.youtube.com/watch?v=ROa3kbG5M0U&lc=UgxVtHxw59UDg_7mB5l4AaABAg,UgxVtHxw59UDg_7mB5l4AaABAg,UC_gcLTFQSURmpV61ak8rJBw,"Fetched 05/24/2026, 8:08:10 PM GMT+8"
8021,Baguio City,@boholhazeline05,2 weeks ago,"Magandang umaga po mga kapatid,, pagbati po mula sa Lokal ng Baguio City Distrito ng Benguet 😊",https://www.youtube.com/watch?v=ROa3kbG5M0U&lc=UgylAJs6cNliG56GQsl4AaABAg,UgylAJs6cNliG56GQsl4AaABAg,UCNxuEnfuDgIEBwBrpx_Pl3w,"Fetched 05/24/2026, 8:08:10 PM GMT+8"
8022,Baguio City,@NorbertoMislang-k1f,2 weeks ago,Happy viewing po from lokal of Baguio City District of Benguet,https://www.youtube.com/watch?v=ROa3kbG5M0U&lc=UgyA2X1cYtjS_Hi8T-J4AaABAg,UgyA2X1cYtjS_Hi8T-J4AaABAg,UCHrMwbP6cIZPIlWf5nvI8dA,"Fetched 05/24/2026, 8:08:10 PM GMT+8"
8023,Baguio City,@JonnerGuilod-ye5rs,2 weeks ago,Shout out po sa Pangulong Binhi ng Lokal ng Baguio City!,https://www.youtube.com/watch?v=ROa3kbG5M0U&lc=UgyICLQXXSskY4nZpbx4AaABAg,UgyICLQXXSskY4nZpbx4AaABAg,UCqAZvKcFKWAYBEWjNAhZEZw,"Fetched 05/24/2026, 8:08:10 PM GMT+8"
8024,Baguio City,@ayaausa1659,2 weeks ago,"Happy watching po from locale of Baguio City, District of Benguet",https://www.youtube.com/watch?v=ROa3kbG5M0U&lc=UgxJ8W7kqbHGnE5qHn14AaABAg,UgxJ8W7kqbHGnE5qHn14AaABAg,UCXG6v5HDkql0y3fTAf3SZ_w,"Fetched 05/24/2026, 8:08:10 PM GMT+8"
8025,Baguio City,@jhonmarksecuaten6481,2 weeks ago,Happy watching po from lokal ng baguio city!!!!! 🎉🎉🎉🎉,https://www.youtube.com/watch?v=ROa3kbG5M0U&lc=Ugz7sUGDnGQeHVDynd54AaABAg,Ugz7sUGDnGQeHVDynd54AaABAg,UC8G31XxC8pIwrheIbbmrv2w,"Fetched 05/24/2026, 8:08:10 PM GMT+8"
8026,Baguio City,@JuniceAnntonetteRedoble,2 weeks ago,"Good evening po!!! Happy viewing po mga kapatid, from Locale of Baguio City, District of Benguet!❤",https://www.youtube.com/watch?v=ROa3kbG5M0U&lc=UgxppC3HE6De88TEjMh4AaABAg,UgxppC3HE6De88TEjMh4AaABAg,UCP_AFj1bmiJwq7OlyfLlncw,"Fetched 05/24/2026, 8:08:10 PM GMT+8"
8027,Baguio City,@geneprado-ro1lf,2 weeks ago,Happy viewing po!!!  Lokal po ng Baguio City,https://www.youtube.com/watch?v=ROa3kbG5M0U&lc=UgzhIbgA-olHQS2A_J54AaABAg,UgzhIbgA-olHQS2A_J54AaABAg,UC2Z9rmo043mQs6MJc9yF7XA,"Fetched 05/24/2026, 8:08:10 PM GMT+8"
8028,Baguio City,@RJTBootshop,2 weeks ago,Happy viewing from san carlos heigts Baguio City,https://www.youtube.com/watch?v=ROa3kbG5M0U&lc=UgxB8bSc-XxUmKo5O494AaABAg,UgxB8bSc-XxUmKo5O494AaABAg,UC1cQlQEfkfsqrYaghGEeMXA,"Fetched 05/24/2026, 8:08:10 PM GMT+8"
8029,Baguio City,@noedulay,2 weeks ago,Happy viewing Po from local ng baguio city distrito ng benguet,https://www.youtube.com/watch?v=ROa3kbG5M0U&lc=UgzT3_K3eKOz3rEKV0Z4AaABAg,UgzT3_K3eKOz3rEKV0Z4AaABAg,UCXhwmp6dOr8fjMmxQrm84Jg,"Fetched 05/24/2026, 8:08:10 PM GMT+8"
8030,Baguio City,@BrandoCollado,2 weeks ago,Happy Viewing po from Baguio City ❤🇮🇹,https://www.youtube.com/watch?v=ROa3kbG5M0U&lc=UgzjlaWRuctSOBFnPqJ4AaABAg,UgzjlaWRuctSOBFnPqJ4AaABAg,UCznJNvjWgU4yJiilEem9PXw,"Fetched 05/24/2026, 8:08:10 PM GMT+8"
8031,Baguio City,@AbegailBalolong,2 weeks ago,Happy Viewing po sa lahat ng taga BAGUIO CITY DISTRICT OF BENGUET 🇮🇹 ♡,https://www.youtube.com/watch?v=ROa3kbG5M0U&lc=UgzGdb-DzmI51hevMeh4AaABAg,UgzGdb-DzmI51hevMeh4AaABAg,UChiZf3rJgQqRwuAE-ZCS6UQ,"Fetched 05/24/2026, 8:08:10 PM GMT+8"
8032,Baguio City,@AbegailBalolong,2 weeks ago,Good evening po... Happy viewing po from LOCAL NG BAGUIO CITY DISTRICT OF BENGUET 🇮🇹🫶,https://www.youtube.com/watch?v=ROa3kbG5M0U&lc=UgyTyfRYYdyiz9qratZ4AaABAg,UgyTyfRYYdyiz9qratZ4AaABAg,UChiZf3rJgQqRwuAE-ZCS6UQ,"Fetched 05/24/2026, 8:08:10 PM GMT+8"
8033,Baguio City,@AbegailBalolong,2 weeks ago,Greetings po para sa mga kalihim ng BAGUIO CITY DISTRICT OF BENGUET 🇮🇹,https://www.youtube.com/watch?v=ROa3kbG5M0U&lc=Ugz8GfXVqOcdspNMXSN4AaABAg,Ugz8GfXVqOcdspNMXSN4AaABAg,UChiZf3rJgQqRwuAE-ZCS6UQ,"Fetched 05/24/2026, 8:08:10 PM GMT+8"
8034,Baguio City,@AbegailBalolong,2 weeks ago,Happy Viewing po from LOCAL NG BAGUIO CITY DISTRICT OF BENGUET 🇮🇹,https://www.youtube.com/watch?v=ROa3kbG5M0U&lc=UgwyjexJ09HD73TitBl4AaABAg,UgwyjexJ09HD73TitBl4AaABAg,UChiZf3rJgQqRwuAE-ZCS6UQ,"Fetched 05/24/2026, 8:08:10 PM GMT+8"
8035,Baguio City,@PicUpload-h5z,2 weeks ago,Happy Viewing po from Baguio City 🇮🇹❤,https://www.youtube.com/watch?v=ROa3kbG5M0U&lc=UgxKFT6SdTZ9eCI3-mt4AaABAg,UgxKFT6SdTZ9eCI3-mt4AaABAg,UCFHO2APppgKv3D9K_QV-JcA,"Fetched 05/24/2026, 8:08:10 PM GMT+8"
8036,Baguio City,@danielsangalang4416,2 weeks ago,Happy viewing po mula po sa Lokal Ng Baguio City 🇮🇹,https://www.youtube.com/watch?v=ROa3kbG5M0U&lc=UgyMSkIHKagbQWpzdN14AaABAg,UgyMSkIHKagbQWpzdN14AaABAg,UCd83g5cGg_Es6Qyl02u7jdw,"Fetched 05/24/2026, 8:08:10 PM GMT+8"
8037,Baguio City,@ezrah8637,2 weeks ago,Happy watching Brother Jeffy and Sis Daf! Mula po sa Lokal ng Baguio City😊,https://www.youtube.com/watch?v=ROa3kbG5M0U&lc=Ugx9rgbR4Tnn39LoQPB4AaABAg,Ugx9rgbR4Tnn39LoQPB4AaABAg,UCoIa8U2n-EOwrHviBH3s7mQ,"Fetched 05/24/2026, 8:08:10 PM GMT+8"
8038,Baguio City,@danielsangalang4416,2 weeks ago,Happy viewing po mula po sa Lokal Ng Baguio City 🇮🇹,https://www.youtube.com/watch?v=ROa3kbG5M0U&lc=Ugy3BsZ_fqQLeuHIWh54AaABAg,Ugy3BsZ_fqQLeuHIWh54AaABAg,UCd83g5cGg_Es6Qyl02u7jdw,"Fetched 05/24/2026, 8:08:10 PM GMT+8"
8039,Baguio City,@LhexieTindo,2 weeks ago,"Happy viewing po mga kapatid, from lokal ng Baguio City!",https://www.youtube.com/watch?v=ROa3kbG5M0U&lc=Ugx3mO2SrMpmaRHXyfl4AaABAg,Ugx3mO2SrMpmaRHXyfl4AaABAg,UCJ8gw3BSS_9BNm6KDY9I-ng,"Fetched 05/24/2026, 8:08:10 PM GMT+8"
8040,Baguio City,@cherrydevera8251,2 weeks ago,Good evening everyone happy viewing po sa lahat ng kapatid especially to my family in Bataan..lokal ng Baguio City Distrito ng Benguet,https://www.youtube.com/watch?v=ROa3kbG5M0U&lc=Ugw02wsOdrfN-6uiYVt4AaABAg,Ugw02wsOdrfN-6uiYVt4AaABAg,UCrod3zHPNdFZBv-HyVuLJ3g,"Fetched 05/24/2026, 8:08:10 PM GMT+8"
8041,Baguio City,@boholhazeline05,2 weeks ago,Happy watching po from Lokal ng Baguio City ❤,https://www.youtube.com/watch?v=ROa3kbG5M0U&lc=UgxX29MHRXxeUMHfzvJ4AaABAg,UgxX29MHRXxeUMHfzvJ4AaABAg,UCNxuEnfuDgIEBwBrpx_Pl3w,"Fetched 05/24/2026, 8:08:10 PM GMT+8"
8042,Baguio City,@EvelynPungtilan,2 weeks ago,Alisin ang boring. Happy lng kapag may time. Shout out sa lahat ng taga lokal ng Baguio City,https://www.youtube.com/watch?v=ROa3kbG5M0U&lc=UgwiFcD9tATjNRw8O8t4AaABAg,UgwiFcD9tATjNRw8O8t4AaABAg,UCeh-HkIy--S3wIoOOWwn7XA,"Fetched 05/24/2026, 8:08:10 PM GMT+8"
8043,Baguio City,@merwinmaiz4972,2 weeks ago,Happy viewing po mula sa lokal ng Baguio City❤❤❤,https://www.youtube.com/watch?v=ROa3kbG5M0U&lc=Ugy18q1GxHhc8Q8_lnd4AaABAg,Ugy18q1GxHhc8Q8_lnd4AaABAg,UCAFUUNBV7hZ0l_w24cyu2lg,"Fetched 05/24/2026, 8:08:10 PM GMT+8"
8044,Baguio City,@marymabel9963,2 weeks ago,Happy viewing po! mula po sa lokal ng Baguio City!🤍🤍,https://www.youtube.com/watch?v=ROa3kbG5M0U&lc=Ugxf35S9-l-4OzXAU814AaABAg,Ugxf35S9-l-4OzXAU814AaABAg,UCm3jsoQ96QduiG6TjbMEWng,"Fetched 05/24/2026, 8:08:10 PM GMT+8"
8045,Baguio City,@erisscc,2 weeks ago,"Binabati ko po sila: / Annedrea Louize Diaz Cacanindin, Alexa Garcia Canta, Bea Cassandra Alcantara Sanglay, Allen Andrie Belen Angeles, Crystal Baltazar Guinto, Divine Grace Lim Viernes, Jonner Jazz Sagantiyoc Guilod, Karla Jerah Opulento, Jake Bad-ey, Methoselah Sotto Barrato, Elaiza Venice Carreon Antonio, at Lady Shulamite Fernandez / mula sa Lokal ng Baguio City! 🙌",https://www.youtube.com/watch?v=ROa3kbG5M0U&lc=UgyPoki_IKnibEI51gV4AaABAg,UgyPoki_IKnibEI51gV4AaABAg,UCzcVh63D4KQUlzNdzYz9WYg,"Fetched 05/24/2026, 8:08:10 PM GMT+8"
8046,Baguio City,@elenamercado703,2 weeks ago,Good evening po happy viewing po mula po dito sa lokal ng Baguio City Benguet,https://www.youtube.com/watch?v=ROa3kbG5M0U&lc=UgwTSba_VmHNSzNfGNB4AaABAg,UgwTSba_VmHNSzNfGNB4AaABAg,UCNozFZrWKHQlsgIMWyFmFIA,"Fetched 05/24/2026, 8:08:10 PM GMT+8"
8047,Baguio City,@erisscc,2 weeks ago,"Happy viewing po, from Baguio City 💗",https://www.youtube.com/watch?v=ROa3kbG5M0U&lc=UgzpiFQ5HZXKp8EeTEt4AaABAg,UgzpiFQ5HZXKp8EeTEt4AaABAg,UCzcVh63D4KQUlzNdzYz9WYg,"Fetched 05/24/2026, 8:08:10 PM GMT+8"
8048,Baguio City,@elaizaveniceantonio8756,2 weeks ago,happy viewing po mula po sa Lokal ng Baguio City,https://www.youtube.com/watch?v=ROa3kbG5M0U&lc=UgzOekvdBxd_wLyBt3d4AaABAg,UgzOekvdBxd_wLyBt3d4AaABAg,UCWG0uMJfrHKBymnZPaLYV8w,"Fetched 05/24/2026, 8:08:10 PM GMT+8"
8049,Baguio City,@unicoomorpe6056,2 weeks ago,"Happy viewing po mula sa lokal ng baguio city, distrito ng benguet!",https://www.youtube.com/watch?v=ROa3kbG5M0U&lc=UgziKL2z9D_i6QmKQUd4AaABAg,UgziKL2z9D_i6QmKQUd4AaABAg,UCoOWm-6nwzcuBuCj9ns-Z4w,"Fetched 05/24/2026, 8:08:10 PM GMT+8"
8050,Baguio City,@Adliselb,2 weeks ago,Good evening po mga kapatid...happy watching po ...shout out po s mga kapatid sa lokal ng Baguio city.....,https://www.youtube.com/watch?v=ROa3kbG5M0U&lc=UgxpXlHBXWqlhwah3J54AaABAg,UgxpXlHBXWqlhwah3J54AaABAg,UCqdcIovy1nUIY294NOXH8LQ,"Fetched 05/24/2026, 8:08:10 PM GMT+8"
8051,Baguio City,@FELIXCASTILLO-d6k,2 weeks ago,Happy viewing po from Baguio City,https://www.youtube.com/watch?v=ROa3kbG5M0U&lc=UgxWrQv52aoBo22ZOtZ4AaABAg,UgxWrQv52aoBo22ZOtZ4AaABAg,UCzYZJSgSHmHSChay7k3DlyA,"Fetched 05/24/2026, 8:08:10 PM GMT+8"
8052,Baguio City,@jojovillamor1162,2 weeks ago,"Happy viewing po mga kapatid from lokal ng Baguio city, Distrito ng Benguet.",https://www.youtube.com/watch?v=ROa3kbG5M0U&lc=Ugx7vxTs5_XXHZrPBYx4AaABAg,Ugx7vxTs5_XXHZrPBYx4AaABAg,UCsX0DAm3QC9n23HR6kbFodQ,"Fetched 05/24/2026, 8:08:10 PM GMT+8"
8053,Baguio City,@PicUpload-h5z,2 weeks ago,Magandang Gabi sa Lahat . Greetings from lokal ng Baguio City po 🇮🇹,https://www.youtube.com/watch?v=ROa3kbG5M0U&lc=UgzL6d5NFjHb2J9H_lJ4AaABAg,UgzL6d5NFjHb2J9H_lJ4AaABAg,UCFHO2APppgKv3D9K_QV-JcA,"Fetched 05/24/2026, 8:08:10 PM GMT+8"
8054,Baguio City,@BrandoCollado,2 weeks ago,Good Evening and Happy Viewing po from lokal ng Baguio City 🇮🇹,https://www.youtube.com/watch?v=ROa3kbG5M0U&lc=UgxRGuN7431tJNWG4f14AaABAg,UgxRGuN7431tJNWG4f14AaABAg,UCznJNvjWgU4yJiilEem9PXw,"Fetched 05/24/2026, 8:08:10 PM GMT+8"
8055,Baguio City,@sebbdomasin88,2 weeks ago,Happy Viewing po from Lokal Ng Baguio City,https://www.youtube.com/watch?v=ROa3kbG5M0U&lc=UgxEhTCkNbpjcuA9k9B4AaABAg,UgxEhTCkNbpjcuA9k9B4AaABAg,UCJxuANRvm7T4d14wTwehpLg,"Fetched 05/24/2026, 8:08:10 PM GMT+8"
8056,Baguio City,@giloribello,2 weeks ago,Pagbati sa lahat ng mga viewers ng Baguio City locale,https://www.youtube.com/watch?v=ROa3kbG5M0U&lc=UgwzH43JWSrpKuG3F1l4AaABAg,UgwzH43JWSrpKuG3F1l4AaABAg,UCDoxrvwIaC8g19_zJaWhluQ,"Fetched 05/24/2026, 8:08:10 PM GMT+8"
8057,Baguio City,@JenettSerrano-o2m,2 weeks ago,Magandang hapon mga kapatid mula po sa lokal ng Baguio City..,https://www.youtube.com/watch?v=ROa3kbG5M0U&lc=UgwMaS9o6oAF1pdv0N14AaABAg,UgwMaS9o6oAF1pdv0N14AaABAg,UCOvsy6DcmUPe98mfZBUu-EA,"Fetched 05/24/2026, 8:08:10 PM GMT+8"
8058,Baguio City,@jazreenvallejos9262,2 weeks ago,Happy viewing po Lokal ng Baguio City.,https://www.youtube.com/watch?v=ROa3kbG5M0U&lc=UgwwTT1LWMeE0rzMVul4AaABAg,UgwwTT1LWMeE0rzMVul4AaABAg,UCdlA7Ty7zaxzksKeen6bYCA,"Fetched 05/24/2026, 8:08:10 PM GMT+8"
8059,Baguio City,@joelaganon6952,2 weeks ago,"Lokal ng Baguio City, Distrito ng Benguet😊😊",https://www.youtube.com/watch?v=ROa3kbG5M0U&lc=UgzVinVFwfFS9t4R61Z4AaABAg,UgzVinVFwfFS9t4R61Z4AaABAg,UChevvJfd5L6E5s2G__kuKtA,"Fetched 05/24/2026, 8:08:10 PM GMT+8"
8060,Baguio City,@grayvalentine770,2 weeks ago,Watching po from lokal ng Baguio City Distrito ng Benguet,https://www.youtube.com/watch?v=ROa3kbG5M0U&lc=UgxbleJEpTsmL_NodKN4AaABAg,UgxbleJEpTsmL_NodKN4AaABAg,UCA8J9BuI7nPbZ3E1OSaMTeg,"Fetched 05/24/2026, 8:08:10 PM GMT+8"
8061,Baguio City,@AllowinHaight,2 weeks ago,Happy viewing po sa lahat ng Kalihim ng Lokal ng Baguio City... 😊😊❤,https://www.youtube.com/watch?v=ROa3kbG5M0U&lc=UgxfjaeXVuuXHTtlLVx4AaABAg,UgxfjaeXVuuXHTtlLVx4AaABAg,UCVNA-t7TTSXqDGFqQKlVt3g,"Fetched 05/24/2026, 8:08:10 PM GMT+8"
8062,Baguio City,@arlynsadsaddarnayla,2 weeks ago,Magandang hapon po sa lahat! Congrats po sa mga Kapatid na bumobuo ng INCMV. Pagbati mula sa Lokal ng Baguio city🇮🇹❤️,https://www.youtube.com/watch?v=ROa3kbG5M0U&lc=Ugzxl6UPw9M2Hqen2O94AaABAg,Ugzxl6UPw9M2Hqen2O94AaABAg,UCEpebcWdMuh8WoE06IwNIKA,"Fetched 05/24/2026, 8:08:10 PM GMT+8"
8063,Baguio City,@BenDeadCastro,2 weeks ago,Good day lokal ng Baguio city,https://www.youtube.com/watch?v=ROa3kbG5M0U&lc=UgzuypHnOM-ZtxVPHjF4AaABAg,UgzuypHnOM-ZtxVPHjF4AaABAg,UCDI5sMMfHqbWoIzlo5lQPcw,"Fetched 05/24/2026, 8:08:10 PM GMT+8"
8064,Baguio City,@ivymorenomaravilla,2 weeks ago,"Watching from Lokal ng Baguio City, District of Benguet ❤❤❤",https://www.youtube.com/watch?v=ROa3kbG5M0U&lc=UgzsbDsx5BENanrNGvJ4AaABAg,UgzsbDsx5BENanrNGvJ4AaABAg,UC32rXNkKQhO9c-YLliCwYLg,"Fetched 05/24/2026, 8:08:10 PM GMT+8"
8065,Baguio City,@ivymorenomaravilla,2 weeks ago,"Watching from Lokal ng Baguio City, District of Benguet ❤❤❤",https://www.youtube.com/watch?v=ROa3kbG5M0U&lc=UgzZ2uqk0I2Vf_eHMLN4AaABAg,UgzZ2uqk0I2Vf_eHMLN4AaABAg,UC32rXNkKQhO9c-YLliCwYLg,"Fetched 05/24/2026, 8:08:10 PM GMT+8"
8066,Baguio City,@levimabutas6628,2 weeks ago,Maligayang panonood po sa lahat ng MT sa lokal ng Baguio City,https://www.youtube.com/watch?v=ROa3kbG5M0U&lc=UgxnoHxR_uIhyK5muc94AaABAg,UgxnoHxR_uIhyK5muc94AaABAg,UC5QGmbYttC7jRxZsWK-3kew,"Fetched 05/24/2026, 8:08:10 PM GMT+8"
8067,Baguio City,@jaspermendoza8063,2 weeks ago,"In our God's great power, you must believe. Greetings po mula sa Lokal ng Baguio City, Distrito ng Benguet at sa samahang CBI sa Distrito ng Benguet",https://www.youtube.com/watch?v=ROa3kbG5M0U&lc=Ugz5_jpsaxbOfqci7sl4AaABAg,Ugz5_jpsaxbOfqci7sl4AaABAg,UCDgKwVMjurk7DTLE0Q4-_6A,"Fetched 05/24/2026, 8:08:10 PM GMT+8"
8068,Baguio City,@BenDeCastro-u4z,2 weeks ago,Happy Veiwing Po mga kapatid ka Ben Po from Lokal ng Baguio city,https://www.youtube.com/watch?v=ROa3kbG5M0U&lc=UgzOrU20xO7p1zqOrTR4AaABAg,UgzOrU20xO7p1zqOrTR4AaABAg,UCTNrED-lGbnT048flk4t4AQ,"Fetched 05/24/2026, 8:08:10 PM GMT+8"
8069,Baguio City,@boholhazeline05,2 weeks ago,"Happy Viewing po, Pagbati po mula sa Lokal ng Baguio City Distrito ng Benguet,,Shout out po sa aming Destinado Ka Norverto Mislang BAGUIO CITY Gising na Gising 😊",https://www.youtube.com/watch?v=ROa3kbG5M0U&lc=UgzwfqPQp96LvjofPmp4AaABAg,UgzwfqPQp96LvjofPmp4AaABAg,UCNxuEnfuDgIEBwBrpx_Pl3w,"Fetched 05/24/2026, 8:08:10 PM GMT+8"
8070,Baguio City,@boholhazeline05,2 weeks ago,"Magandang hapon po, happy watching po mga kapatid,Pagbati po mula sa lokal ng Baguio City Distrito ng Benguet 💚🤍❤",https://www.youtube.com/watch?v=ROa3kbG5M0U&lc=UgzSZy25y9X2sSAvIAV4AaABAg,UgzSZy25y9X2sSAvIAV4AaABAg,UCNxuEnfuDgIEBwBrpx_Pl3w,"Fetched 05/24/2026, 8:08:10 PM GMT+8"
8071,Baguio City,@CarmencitaC,2 weeks ago,Happy viewing po lokal ng Baguio City. ❤,https://www.youtube.com/watch?v=ROa3kbG5M0U&lc=UgxULgSgmv6b-_2t3NV4AaABAg,UgxULgSgmv6b-_2t3NV4AaABAg,UCi5FgZnP4ZYp2GSvAPPcmzQ,"Fetched 05/24/2026, 8:08:10 PM GMT+8"
8072,Baguio City,@CarmencitaC,2 weeks ago,Happy viewing po lokal ng Baguio City. ❤,https://www.youtube.com/watch?v=ROa3kbG5M0U&lc=UgzCU1yHLo1OIEw0fal4AaABAg,UgzCU1yHLo1OIEw0fal4AaABAg,UCi5FgZnP4ZYp2GSvAPPcmzQ,"Fetched 05/24/2026, 8:08:10 PM GMT+8"
8073,Baguio City,@juliusbarrientos9957,2 weeks ago,Happy wiewing po...from lokal ng baguio city distrito ng benguet,https://www.youtube.com/watch?v=ROa3kbG5M0U&lc=UgyqPaLQSv9S8_kwwNV4AaABAg,UgyqPaLQSv9S8_kwwNV4AaABAg,UC9yAc_2anjqv7qG6J0BXtHQ,"Fetched 05/24/2026, 8:08:10 PM GMT+8"
8074,Baguio City,@TukaanExcellence,2 weeks ago,"Greetings po from lokal ng Balatoc, District of Baguio City",https://www.youtube.com/watch?v=ROa3kbG5M0U&lc=UgxsZzbysIJ6sJhiRXJ4AaABAg,UgxsZzbysIJ6sJhiRXJ4AaABAg,UChJDKbwQSFA6beOf5QP25OA,"Fetched 05/24/2026, 8:08:10 PM GMT+8"
8075,Baguio City,@jennelkatefortin4988,2 weeks ago,"Greetings po from Lokal ng Balatoc, Baguio City!",https://www.youtube.com/watch?v=ROa3kbG5M0U&lc=Ugx_AOfnP6nyEpviHsJ4AaABAg,Ugx_AOfnP6nyEpviHsJ4AaABAg,UCFqJDTtWM3lI4iJWtq06oMw,"Fetched 05/24/2026, 8:08:10 PM GMT+8"
8076,Baguio City,@agudongdencebaylorb.6757,2 weeks ago,Happy viewing po sa lahat! Pagbati mula po sa Lokal ng Baguio City Distrito ng Benguet!,https://www.youtube.com/watch?v=ROa3kbG5M0U&lc=UgwiN7GO5r3hUpDNrYd4AaABAg,UgwiN7GO5r3hUpDNrYd4AaABAg,UCk7OB5KugstrmQSDU7Q4lDQ,"Fetched 05/24/2026, 8:08:10 PM GMT+8"
8077,Baguio City,@JenettSerrano-o2m,2 weeks ago,Happy watching from lokal of Baguio city..,https://www.youtube.com/watch?v=ROa3kbG5M0U&lc=UgwzdA_jw9PM_wUQYAd4AaABAg,UgwzdA_jw9PM_wUQYAd4AaABAg,UCOvsy6DcmUPe98mfZBUu-EA,"Fetched 05/24/2026, 8:08:10 PM GMT+8"
8078,Baguio City,@jhonmarksecuaten6481,2 weeks ago,"Happy watching po mula po sa Lokal ng Baguio City, Distrito ng Benguet!!!",https://www.youtube.com/watch?v=ROa3kbG5M0U&lc=UgwRO13n3EkaN1sWrhN4AaABAg,UgwRO13n3EkaN1sWrhN4AaABAg,UC8G31XxC8pIwrheIbbmrv2w,"Fetched 05/24/2026, 8:08:10 PM GMT+8"
8079,Baguio City,@janengo1283,2 weeks ago,"Happy veiwing po!!!,from Baguio city ,Benguet😊",https://www.youtube.com/watch?v=ROa3kbG5M0U&lc=UgweUf70Pki4VldmBPV4AaABAg,UgweUf70Pki4VldmBPV4AaABAg,UCQzK0PCPt6Nt4Wh9WQ68a0g,"Fetched 05/24/2026, 8:08:10 PM GMT+8"
8080,Baguio City,@LadyShulamiteS.Fernandez,2 weeks ago,"Happy viewing to all brethren all over the world! watching from locale of baguio city, benguet!",https://www.youtube.com/watch?v=ROa3kbG5M0U&lc=Ugyo9calDS-TBk0fZ2J4AaABAg,Ugyo9calDS-TBk0fZ2J4AaABAg,UCU3_k6RZLho7IG9mKCjcHog,"Fetched 05/24/2026, 8:08:10 PM GMT+8"
8081,Baguio City,@EleanorMislang,2 weeks ago,Happy viewing po to all the brethren around the world.greetings coming from the locale congregation of Baguio city.,https://www.youtube.com/watch?v=ROa3kbG5M0U&lc=Ugy5AIod7_vfzFnBjNV4AaABAg,Ugy5AIod7_vfzFnBjNV4AaABAg,UC-SX89r34HKuT1KlN8J7WTA,"Fetched 05/24/2026, 8:08:10 PM GMT+8"
8082,Baguio City,@marneliebatalla8117,2 weeks ago,"Happy viewing po mga kapatid, mula po sa lokal ng Baguio City, Distrito ng Benguet 😊",https://www.youtube.com/watch?v=ROa3kbG5M0U&lc=UgzFbI8w4_4GTsyASQR4AaABAg,UgzFbI8w4_4GTsyASQR4AaABAg,UCGZeqKpiLqcjH02gBjGj7kQ,"Fetched 05/24/2026, 8:08:10 PM GMT+8"
8083,Baguio City,@LibertyMabutas,2 weeks ago,Watching po lokal ng baguio city,https://www.youtube.com/watch?v=ROa3kbG5M0U&lc=UgwqL2GiXopqakPzgYR4AaABAg,UgwqL2GiXopqakPzgYR4AaABAg,UCuH8dzTA7XHyY2pp_KsezwQ,"Fetched 05/24/2026, 8:08:10 PM GMT+8"
8084,Baguio City,@AleiliCaisip-f3g,2 weeks ago,Masayang pagbati po sa lahat ng MT sa lokal po ng Baguio City Distrito ng Benguet,https://www.youtube.com/watch?v=ROa3kbG5M0U&lc=UgzFMx92JESqXrbi3mh4AaABAg,UgzFMx92JESqXrbi3mh4AaABAg,UC6_X5vAPAhfo9Z2M4PLKJ1A,"Fetched 05/24/2026, 8:08:10 PM GMT+8"
8085,Baguio City,@LibertyMabutas,2 weeks ago,Happy viewing po lokal ng baguio city distrito ng Bengue,https://www.youtube.com/watch?v=ROa3kbG5M0U&lc=UgzRnwE-yGx-mNFmW2d4AaABAg,UgzRnwE-yGx-mNFmW2d4AaABAg,UCuH8dzTA7XHyY2pp_KsezwQ,"Fetched 05/24/2026, 8:08:10 PM GMT+8"
8086,Baguio City,@AleiliCaisip-f3g,2 weeks ago,Masayang panonood po mula dito sa lokal ng Baguio City Distrito ng Benguet.,https://www.youtube.com/watch?v=ROa3kbG5M0U&lc=UgzKmhWqXYgFGR_ykUF4AaABAg,UgzKmhWqXYgFGR_ykUF4AaABAg,UC6_X5vAPAhfo9Z2M4PLKJ1A,"Fetched 05/24/2026, 8:08:10 PM GMT+8"
8087,Baguio City,@giloribello,2 weeks ago,Great job. Perks me up. Greetings from Baguio City locale  / 😊😊😊😊😊😊,https://www.youtube.com/watch?v=ROa3kbG5M0U&lc=Ugw7e14CBRFlPuBGiVZ4AaABAg,Ugw7e14CBRFlPuBGiVZ4AaABAg,UCDoxrvwIaC8g19_zJaWhluQ,"Fetched 05/24/2026, 8:08:10 PM GMT+8"
8088,Baguio City,@Mariah-k9e2m,2 weeks ago,"Happy viewing po mga kapatid mula po sa lokal ng Baguio City,  Distrito ng Benguet 😊",https://www.youtube.com/watch?v=ROa3kbG5M0U&lc=UgzCFhAQX7sueo7IxyJ4AaABAg,UgzCFhAQX7sueo7IxyJ4AaABAg,UCg9bJz9qA8jpD6hdDhwbjaA,"Fetched 05/24/2026, 8:08:10 PM GMT+8"
8089,Baguio City,@Mariah-k9e2m,2 weeks ago,"Happy viewing po mga kapatid mula po sa lokal ng Baguio City,  Distrito ng Benguet 😊",https://www.youtube.com/watch?v=ROa3kbG5M0U&lc=UgwaTA1npgimVoILwgt4AaABAg,UgwaTA1npgimVoILwgt4AaABAg,UCg9bJz9qA8jpD6hdDhwbjaA,"Fetched 05/24/2026, 8:08:10 PM GMT+8"
8090,Baguio City,@Mariah-k9e2m,2 weeks ago,"Magandang tanghali po mga kapatid pagbati po mula po sa lokal ng Baguio City , Distrito ng Benguet 😊",https://www.youtube.com/watch?v=ROa3kbG5M0U&lc=Ugyup0L_f4cQrIsBIEt4AaABAg,Ugyup0L_f4cQrIsBIEt4AaABAg,UCg9bJz9qA8jpD6hdDhwbjaA,"Fetched 05/24/2026, 8:08:10 PM GMT+8"
8091,Baguio City,@Adliselb,2 weeks ago,Happy lunch time po mga kapatid.....happy viewing po Mula sa lokal Ng Baguio city po...,https://www.youtube.com/watch?v=ROa3kbG5M0U&lc=Ugwidrx3GoN-fIMLu1d4AaABAg,Ugwidrx3GoN-fIMLu1d4AaABAg,UCqdcIovy1nUIY294NOXH8LQ,"Fetched 05/24/2026, 8:08:10 PM GMT+8"
8092,Baguio City,@grayvalentine770,2 weeks ago,"Happy viewing po sa mga kapatid,, pagbati po sa aming distinado ng lokal ng Baguio City,, kapatid na Norberto Mislang🎉",https://www.youtube.com/watch?v=ROa3kbG5M0U&lc=UgyINMv9bUUHBCm32Ch4AaABAg,UgyINMv9bUUHBCm32Ch4AaABAg,UCA8J9BuI7nPbZ3E1OSaMTeg,"Fetched 05/24/2026, 8:08:10 PM GMT+8"
8093,Baguio City,@joelaganon6952,2 weeks ago,"Happy Viewing & Happy Lunch, Lokal ng Baguio City!😊",https://www.youtube.com/watch?v=ROa3kbG5M0U&lc=Ugz9jVNe7OJMjcnkKJB4AaABAg,Ugz9jVNe7OJMjcnkKJB4AaABAg,UChevvJfd5L6E5s2G__kuKtA,"Fetched 05/24/2026, 8:08:10 PM GMT+8"
8094,Baguio City,@JosePrestoza-p2p,2 weeks ago,Happy watching lokal ng baguio city,https://www.youtube.com/watch?v=ROa3kbG5M0U&lc=UgyNRdHc0OD3WLawprp4AaABAg,UgyNRdHc0OD3WLawprp4AaABAg,UCK5X1omASTGCj4FopWh5FJg,"Fetched 05/24/2026, 8:08:10 PM GMT+8"
8095,Baguio City,@danielsangalang4416,2 weeks ago,Happy viewing po mula po sa Lokal Ng Baguio City 🇮🇹🇮🇹🇮🇹,https://www.youtube.com/watch?v=ROa3kbG5M0U&lc=UgxMDHVUHitU2Lgx15h4AaABAg,UgxMDHVUHitU2Lgx15h4AaABAg,UCd83g5cGg_Es6Qyl02u7jdw,"Fetched 05/24/2026, 8:08:10 PM GMT+8"
8096,Baguio City,@arlynsadsaddarnayla,2 weeks ago,Happy viewing and happy lunch time sa ating lahat mga Kapatid. Mula po sa Lokal ng Baguio city❤️🇮🇹,https://www.youtube.com/watch?v=ROa3kbG5M0U&lc=UgzNw2fZ850VVHXKgnt4AaABAg,UgzNw2fZ850VVHXKgnt4AaABAg,UCEpebcWdMuh8WoE06IwNIKA,"Fetched 05/24/2026, 8:08:10 PM GMT+8"
8097,Baguio City,@daisycastaneda7972,2 weeks ago,Happy viewing to all po greetings from Lokal ng Baguio City po.,https://www.youtube.com/watch?v=ROa3kbG5M0U&lc=UgwIhPhkY6BN1lWAWCp4AaABAg,UgwIhPhkY6BN1lWAWCp4AaABAg,UCD3NlGp4eLYcR2RGC7FwnKQ,"Fetched 05/24/2026, 8:08:10 PM GMT+8"
8098,Baguio City,@AllowinHaight,2 weeks ago,Pagbati po sa masipag at magiting na Destinado ng Lokal ng Baguio City... Ang kapatid na Norberto L. Mislang... 😊😊😊,https://www.youtube.com/watch?v=ROa3kbG5M0U&lc=UgyY300v8TrxD2XaGSx4AaABAg,UgyY300v8TrxD2XaGSx4AaABAg,UCVNA-t7TTSXqDGFqQKlVt3g,"Fetched 05/24/2026, 8:08:10 PM GMT+8"
8099,Baguio City,@jaimeespinuevajr,2 weeks ago,Happy viewing po mula sa Lokal ng Baguio City habang kumakain ng pananghalian 🍳🍳🍳,https://www.youtube.com/watch?v=ROa3kbG5M0U&lc=Ugy0fkd2K1j6roYO8L14AaABAg,Ugy0fkd2K1j6roYO8L14AaABAg,UCMhKhNqVk0I4ih9rWZOJgTQ,"Fetched 05/24/2026, 8:08:10 PM GMT+8"
8100,Baguio City,@hazelhalican2149,2 weeks ago,Happy lunch time while watching po😊 Mula po sa lokal ng Baguio city 😊💚,https://www.youtube.com/watch?v=ROa3kbG5M0U&lc=Ugw1hYEuZIuC5uCbFyd4AaABAg,Ugw1hYEuZIuC5uCbFyd4AaABAg,UC5JK1YaWy38yVHiRtJW47sw,"Fetched 05/24/2026, 8:08:10 PM GMT+8"
8101,Baguio City,@daisycastaneda7972,2 weeks ago,"Greetings po sa aming Destinado  ng Purok kapatid na Romarl Mercado , From lokal ng Baguio City po.",https://www.youtube.com/watch?v=ROa3kbG5M0U&lc=UgxsePQAeGPg7r8jrQx4AaABAg,UgxsePQAeGPg7r8jrQx4AaABAg,UCD3NlGp4eLYcR2RGC7FwnKQ,"Fetched 05/24/2026, 8:08:10 PM GMT+8"
8102,Baguio City,@hazelhalican2149,2 weeks ago,Kamusta mo kayong lahat ng manonood 😊Mula po sa lokal ng Baguio city 💚💚💚,https://www.youtube.com/watch?v=ROa3kbG5M0U&lc=UgwrGl_NCXaAmfhRwBh4AaABAg,UgwrGl_NCXaAmfhRwBh4AaABAg,UC5JK1YaWy38yVHiRtJW47sw,"Fetched 05/24/2026, 8:08:10 PM GMT+8"
8103,Baguio City,@AllowinHaight,2 weeks ago,Magandang tanghali po sa lahat ng mga May Tungkulin ng Lokal ng Baguio City... Pati na din po sa 6 na naka-destino sa aming Lokal... 😊😊😊,https://www.youtube.com/watch?v=ROa3kbG5M0U&lc=UgzMFa0EY3zA_A47HoZ4AaABAg,UgzMFa0EY3zA_A47HoZ4AaABAg,UCVNA-t7TTSXqDGFqQKlVt3g,"Fetched 05/24/2026, 8:08:10 PM GMT+8"
8104,Baguio City,@hazelhalican2149,2 weeks ago,"Binabati ko po mga kasama ko g kalihim😊 Ezra, Unico, Loureen, Cresecia, Louie 💚💚💚  / Happy viewing po mula po sa lokal ng Baguio city 💚💚💚",https://www.youtube.com/watch?v=ROa3kbG5M0U&lc=Ugyf2Yocbzd29XNV7jt4AaABAg,Ugyf2Yocbzd29XNV7jt4AaABAg,UC5JK1YaWy38yVHiRtJW47sw,"Fetched 05/24/2026, 8:08:10 PM GMT+8"
8105,Baguio City,@rubygallardo-oribello8846,2 weeks ago (edited),I downloaded the video. Love it❤ Baguio City  locale 💚🤍❤️,https://www.youtube.com/watch?v=ROa3kbG5M0U&lc=UgwYdgl1LNsS09_GAcB4AaABAg,UgwYdgl1LNsS09_GAcB4AaABAg,UCvXHuFOxcNepXQz7uhe8qfQ,"Fetched 05/24/2026, 8:08:10 PM GMT+8"
8106,Baguio City,@MitzieyaahBarrato,2 weeks ago,Blessed viewing mula sa Lokal ng Baguio City! Let’s go Benguet 🍓😇🤍,https://www.youtube.com/watch?v=ROa3kbG5M0U&lc=Ugw6Ghbq4LP0N-3zdRB4AaABAg,Ugw6Ghbq4LP0N-3zdRB4AaABAg,UCh70oh5BbvseOBOn9SbJ2HA,"Fetched 05/24/2026, 8:08:10 PM GMT+8"
8107,Baguio City,@hazelhalican2149,2 weeks ago,Happy viewing po sa lahat ng maytungkulin at kapatid 💚 Mula po sa lokal ng Baguio city 💚💚💚,https://www.youtube.com/watch?v=ROa3kbG5M0U&lc=Ugw5Px79fDSzr1CH4rh4AaABAg,Ugw5Px79fDSzr1CH4rh4AaABAg,UC5JK1YaWy38yVHiRtJW47sw,"Fetched 05/24/2026, 8:08:10 PM GMT+8"
8108,Baguio City,@AnalynSereñas,2 weeks ago,Happy viewing po mula sa lokal ng Baguio City😊😊😊😊,https://www.youtube.com/watch?v=ROa3kbG5M0U&lc=UgzHRU2xzp548rbGem14AaABAg,UgzHRU2xzp548rbGem14AaABAg,UCm4DyodG6CZZaJiLJHi0OKA,"Fetched 05/24/2026, 8:08:10 PM GMT+8"
8109,Baguio City,@daisycastaneda7972,2 weeks ago,"Maligayang panonood po sa aming mahal na Tagapangasiwa ng Distrito ng  Benguet ,kapatid ma Ardy D. Mendoza, greetings po from lokal ng Baguio City.",https://www.youtube.com/watch?v=ROa3kbG5M0U&lc=UgxX2vllGbvkS0hqcAV4AaABAg,UgxX2vllGbvkS0hqcAV4AaABAg,UCD3NlGp4eLYcR2RGC7FwnKQ,"Fetched 05/24/2026, 8:08:10 PM GMT+8"
8110,Baguio City,@elenamercado703,2 weeks ago,Binabati ko po ang lokal ng Baguio City Benguet ng Happy Lunch po. Binabati ko din po ang lokal Ng UQA Distrito Ng UAE North❤❤❤😍,https://www.youtube.com/watch?v=ROa3kbG5M0U&lc=UgzD15kmF7uiOQFX7jR4AaABAg,UgzD15kmF7uiOQFX7jR4AaABAg,UCNozFZrWKHQlsgIMWyFmFIA,"Fetched 05/24/2026, 8:08:10 PM GMT+8"
8111,Baguio City,@elovzbandong,2 weeks ago,Good noon po happy viewing to all kapatid from Baguio City🙂💚🤍♥️,https://www.youtube.com/watch?v=ROa3kbG5M0U&lc=UgyvF3rOw00bwujKdgh4AaABAg,UgyvF3rOw00bwujKdgh4AaABAg,UC7Ubr0w78loLhVVx1_lhWcA,"Fetched 05/24/2026, 8:08:10 PM GMT+8"
8112,Baguio City,@elenamercado703,2 weeks ago,Happy viewing po mula po dito sa lokal ng Baguio City Benguet,https://www.youtube.com/watch?v=ROa3kbG5M0U&lc=Ugw0VtU7yUzZVcSJsDN4AaABAg,Ugw0VtU7yUzZVcSJsDN4AaABAg,UCNozFZrWKHQlsgIMWyFmFIA,"Fetched 05/24/2026, 8:08:10 PM GMT+8"
8113,Baguio City,@ivymorenomaravilla,2 weeks ago,"Hello po sa lahat ng kapatid! Happy viewing po mula sa Lokal ng  Baguio City, Distrito ng Benguet! ❤❤❤",https://www.youtube.com/watch?v=ROa3kbG5M0U&lc=UgypY4ax5pt9nw7XrrB4AaABAg,UgypY4ax5pt9nw7XrrB4AaABAg,UC32rXNkKQhO9c-YLliCwYLg,"Fetched 05/24/2026, 8:08:10 PM GMT+8"
8114,Baguio City,@ivymorenomaravilla,2 weeks ago,"Hello po sa lahat ng kapatid! Happy viewing po mula sa Lokal ng  Baguio City, Distrito ng Benguet! ❤❤❤",https://www.youtube.com/watch?v=ROa3kbG5M0U&lc=Ugw2RfGCxuMVyVwNlHV4AaABAg,Ugw2RfGCxuMVyVwNlHV4AaABAg,UC32rXNkKQhO9c-YLliCwYLg,"Fetched 05/24/2026, 8:08:10 PM GMT+8"
8115,Baguio City,@ivymorenomaravilla,2 weeks ago,"Hello po sa lahat ng kapatid! Happy viewing po mula sa Lokal ng  Baguio City, Distrito ng Benguet! ❤❤❤",https://www.youtube.com/watch?v=ROa3kbG5M0U&lc=UgwJ_nhRsp6wNidcA8Z4AaABAg,UgwJ_nhRsp6wNidcA8Z4AaABAg,UC32rXNkKQhO9c-YLliCwYLg,"Fetched 05/24/2026, 8:08:10 PM GMT+8"
8116,Baguio City,@elenamercado703,2 weeks ago,Happy watching po mula po sa lokal ng Baguio City Benguet,https://www.youtube.com/watch?v=ROa3kbG5M0U&lc=Ugwx1GEaD7gp2ZwQZwN4AaABAg,Ugwx1GEaD7gp2ZwQZwN4AaABAg,UCNozFZrWKHQlsgIMWyFmFIA,"Fetched 05/24/2026, 8:08:10 PM GMT+8"
8117,Baguio City,@daisycastaneda7972,2 weeks ago,"Happy watching to all po , greetings to our Destinado ng Lokal ng Baguio City ,kapatid na Norberto Mislang .",https://www.youtube.com/watch?v=ROa3kbG5M0U&lc=UgxjxEMG6syMlz5mWMB4AaABAg,UgxjxEMG6syMlz5mWMB4AaABAg,UCD3NlGp4eLYcR2RGC7FwnKQ,"Fetched 05/24/2026, 8:08:10 PM GMT+8"
8118,Baguio City,@shanwithazed,2 weeks ago,"Happy Viewing po to all the brethren across the world, from the Locale Conggregation of Baguio City, Ecclesiastical District of Benguet! ✨🫶🏽 Thank you po for your continued support and viewership! 🥳",https://www.youtube.com/watch?v=ROa3kbG5M0U&lc=UgxtynJG79Xk3XjtnRB4AaABAg,UgxtynJG79Xk3XjtnRB4AaABAg,UCc59kmMPc6SSznDFgbbM0_w,"Fetched 05/24/2026, 8:08:10 PM GMT+8"
8119,Baguio City,@erisscc,2 weeks ago,Happy viewing po from Lokal ng Baguio City 🙌,https://www.youtube.com/watch?v=ROa3kbG5M0U&lc=UgyKQ3DKOuQ8Td7og8Z4AaABAg,UgyKQ3DKOuQ8Td7og8Z4AaABAg,UCzcVh63D4KQUlzNdzYz9WYg,"Fetched 05/24/2026, 8:08:10 PM GMT+8"
8120,Baguio City,@dayobohol5487,2 weeks ago,Happy viweing mga kapatid sa lokal ng baguio city po,https://www.youtube.com/watch?v=ROa3kbG5M0U&lc=UgwgfFjPFnmcL2LYwTN4AaABAg,UgwgfFjPFnmcL2LYwTN4AaABAg,UCnRGnqKPM39foMzRCWJzKzw,"Fetched 05/24/2026, 8:08:10 PM GMT+8"
8121,Baguio City,@yolandamabutas145,2 weeks ago,Watching from the Locale of Baguio City!:hand-pink-waving:,https://www.youtube.com/watch?v=ROa3kbG5M0U&lc=UgwBH8hHZ65Hu6skfAl4AaABAg,UgwBH8hHZ65Hu6skfAl4AaABAg,UCFxShhg-2vQOCSqTUkGfxkA,"Fetched 05/24/2026, 8:08:10 PM GMT+8"
8122,Baguio City,@yolandamabutas145,2 weeks ago,"Happy viewing po, from Baguio City!",https://www.youtube.com/watch?v=ROa3kbG5M0U&lc=UgyrcaFC5KNyTAJaTb94AaABAg,UgyrcaFC5KNyTAJaTb94AaABAg,UCFxShhg-2vQOCSqTUkGfxkA,"Fetched 05/24/2026, 8:08:10 PM GMT+8"
8123,Baguio City,@ramiltoledo8063,2 weeks ago,Happy viewing po dito sa lokal ng Baguio city.,https://www.youtube.com/watch?v=ROa3kbG5M0U&lc=Ugxlftm3S2FJlYTuyrh4AaABAg,Ugxlftm3S2FJlYTuyrh4AaABAg,UCf5nGTMHeEMWZ9kd0MnFurw,"Fetched 05/24/2026, 8:08:10 PM GMT+8"
8124,Baguio City,@angelicagalatcha6267,2 weeks ago,😊 Happy Viewing po sa lahat nga Diokonesa sa Lokal ng Baguio City,https://www.youtube.com/watch?v=ROa3kbG5M0U&lc=Ugw41tDFltxuCpCjJgV4AaABAg,Ugw41tDFltxuCpCjJgV4AaABAg,UC1QuZ-1yyvkiOIzCQsX6LQg,"Fetched 05/24/2026, 8:08:10 PM GMT+8"
8125,Baguio City,@angelicagalatcha6267,2 weeks ago,Maligayang bati po sa mga kapatid ng lokal ng Baguio City,https://www.youtube.com/watch?v=ROa3kbG5M0U&lc=UgzULIxhrUgJAXdVYll4AaABAg,UgzULIxhrUgJAXdVYll4AaABAg,UC1QuZ-1yyvkiOIzCQsX6LQg,"Fetched 05/24/2026, 8:08:10 PM GMT+8"
8126,Baguio City,@giloribello,2 weeks ago,So good. Makes me feel so good. Everything is going in my favor. Something better is coming to me. Praise God  ... /  /  / Greetings from Baguio City locale  /  / 😅😅😅😅😅😅,https://www.youtube.com/watch?v=ROa3kbG5M0U&lc=UgweL_k5huq4lBvtVTl4AaABAg,UgweL_k5huq4lBvtVTl4AaABAg,UCDoxrvwIaC8g19_zJaWhluQ,"Fetched 05/24/2026, 8:08:10 PM GMT+8"
8127,Baguio City,@NorbertoMislang-k1f,2 weeks ago,Baguio City goooooo..,https://www.youtube.com/watch?v=ROa3kbG5M0U&lc=UgweAnkZR9qyccAiLOF4AaABAg,UgweAnkZR9qyccAiLOF4AaABAg,UCHrMwbP6cIZPIlWf5nvI8dA,"Fetched 05/24/2026, 8:08:10 PM GMT+8"
8128,Baguio City,@BrandoCollado,2 weeks ago,Happy Viewing po from Baguio City 🇮🇹,https://www.youtube.com/watch?v=ROa3kbG5M0U&lc=UgwBb5J64jK6GfgQH0p4AaABAg,UgwBb5J64jK6GfgQH0p4AaABAg,UCznJNvjWgU4yJiilEem9PXw,"Fetched 05/24/2026, 8:08:10 PM GMT+8"
8129,Baguio City,@sylviaaquino1402,2 weeks ago,Watching po from Baguio City local,https://www.youtube.com/watch?v=ROa3kbG5M0U&lc=UgwwyotWRTwNLfvtvWd4AaABAg,UgwwyotWRTwNLfvtvWd4AaABAg,UCYnj0QipEvxHgMbwQaySmZA,"Fetched 05/24/2026, 8:08:10 PM GMT+8"
8130,Baguio City,@bernadettemunoz681,2 weeks ago,Watching from Baguio City 🌲🌲,https://www.youtube.com/watch?v=ROa3kbG5M0U&lc=Ugx9hDJnA5LVhu4DUZx4AaABAg,Ugx9hDJnA5LVhu4DUZx4AaABAg,UC6vWZXKy95f8sqPXPSng16Q,"Fetched 05/24/2026, 8:08:10 PM GMT+8"
8131,Baguio City,@alta8675,2 weeks ago,"Good morning po mga kapatid, happy viewing po mula po sa Lokal ng Baguio City, Distrito ng Benguet.🫶",https://www.youtube.com/watch?v=ROa3kbG5M0U&lc=UgyN8AittHj4rxW5KgN4AaABAg,UgyN8AittHj4rxW5KgN4AaABAg,UCZ2d5yXRLvgIMr7i_9xFlSw,"Fetched 05/24/2026, 8:08:10 PM GMT+8"
8132,Baguio City,@giloribello,2 weeks ago,Perfect job. Greetings from Baguio City locale,https://www.youtube.com/watch?v=ROa3kbG5M0U&lc=Ugx_HnFsI6H2CktF_rh4AaABAg,Ugx_HnFsI6H2CktF_rh4AaABAg,UCDoxrvwIaC8g19_zJaWhluQ,"Fetched 05/24/2026, 8:08:10 PM GMT+8"
8133,Baguio City,@minervagalliguez3904,2 weeks ago,Happy Viewing  po Lokal ng Baguio City,https://www.youtube.com/watch?v=ROa3kbG5M0U&lc=Ugz-RSuG19veAtiga_V4AaABAg,Ugz-RSuG19veAtiga_V4AaABAg,UCKCUtXlJdzzjvHNBNDKkHjQ,"Fetched 05/24/2026, 8:08:10 PM GMT+8"
8134,Baguio City,@julyjnn,2 weeks ago,Congrats po mga Kapatid at sa Distrito ng Benguet!  /  / Pagbati po mula po sa Lokal ng Baguio City,https://www.youtube.com/watch?v=ROa3kbG5M0U&lc=UgxbdPz2_PnDPLPPnMt4AaABAg,UgxbdPz2_PnDPLPPnMt4AaABAg,UCm-PcWZJZqUV4SpjYSJAnug,"Fetched 05/24/2026, 8:08:10 PM GMT+8"
8135,Baguio City,@LaurenceLaurente-y1c2z,2 weeks ago,Happy view po sa lahat ng mga kapatid / Mula po sa lokal ng Baguio City,https://www.youtube.com/watch?v=ROa3kbG5M0U&lc=UgwlsLs9adamcdu1MZN4AaABAg,UgwlsLs9adamcdu1MZN4AaABAg,UCTJwDeCH1JT5bpehtxjTPzg,"Fetched 05/24/2026, 8:08:10 PM GMT+8"
8136,Baguio City,@giloribello,2 weeks ago,Angsayasaya po. Greet u from Baguio City,https://www.youtube.com/watch?v=ROa3kbG5M0U&lc=UgzFpF5yTUlKePxz3rp4AaABAg,UgzFpF5yTUlKePxz3rp4AaABAg,UCDoxrvwIaC8g19_zJaWhluQ,"Fetched 05/24/2026, 8:08:10 PM GMT+8"
8137,Baguio City,@giloribello,2 weeks ago,Greetings from Baguio City locale,https://www.youtube.com/watch?v=ROa3kbG5M0U&lc=Ugwi3CxoE0tac6QjBiN4AaABAg,Ugwi3CxoE0tac6QjBiN4AaABAg,UCDoxrvwIaC8g19_zJaWhluQ,"Fetched 05/24/2026, 8:08:10 PM GMT+8"
8138,Baguio City,@elenamercado703,2 weeks ago,Good Morning po and happy viewing po mula po dito sa lokal ng Baguio City Distrito ng Benguet. Kumusta po pla sa Lokal ng UQA  DIstrito ng UAE North ❤❤❤,https://www.youtube.com/watch?v=ROa3kbG5M0U&lc=Ugy_OwkqBtgskG4l4fp4AaABAg,Ugy_OwkqBtgskG4l4fp4AaABAg,UCNozFZrWKHQlsgIMWyFmFIA,"Fetched 05/24/2026, 8:08:10 PM GMT+8"
8139,Baguio City,@ivymorenomaravilla,2 weeks ago,"Happy Viewing po! Mula sa Lokal ng Baguio City, Distrito ng Benguet ❤❤❤",https://www.youtube.com/watch?v=ROa3kbG5M0U&lc=Ugx_8uaKTNAUYh_gywt4AaABAg,Ugx_8uaKTNAUYh_gywt4AaABAg,UC32rXNkKQhO9c-YLliCwYLg,"Fetched 05/24/2026, 8:08:10 PM GMT+8"
8140,Baguio City,@ivymorenomaravilla,2 weeks ago,"Happy Viewing po! Mula sa Lokal ng Baguio City, Distrito ng Benguet ❤❤❤",https://www.youtube.com/watch?v=ROa3kbG5M0U&lc=UgzsMejrBtVkk74sn1F4AaABAg,UgzsMejrBtVkk74sn1F4AaABAg,UC32rXNkKQhO9c-YLliCwYLg,"Fetched 05/24/2026, 8:08:10 PM GMT+8"
8141,Baguio City,@ivymorenomaravilla,2 weeks ago,"Happy Viewing po! Mula sa Lokal ng Baguio City, Distrito ng Benguet ❤❤❤",https://www.youtube.com/watch?v=ROa3kbG5M0U&lc=Ugw5sQtGeIeXFOfi72p4AaABAg,Ugw5sQtGeIeXFOfi72p4AaABAg,UC32rXNkKQhO9c-YLliCwYLg,"Fetched 05/24/2026, 8:08:10 PM GMT+8"
8142,Baguio City,@ivymorenomaravilla,2 weeks ago,"Happy Viewing po! Mula sa lokal ng Baguio City, Distrito ng Benguet ❤❤❤",https://www.youtube.com/watch?v=ROa3kbG5M0U&lc=UgzVYd2vRfpjy4dWjZB4AaABAg,UgzVYd2vRfpjy4dWjZB4AaABAg,UC32rXNkKQhO9c-YLliCwYLg,"Fetched 05/24/2026, 8:08:10 PM GMT+8"
8143,Baguio City,@GreySantino,2 weeks ago (edited),Happy viewing po sa lahat po ng mga maytungkulin at kapatid sa lokal ng baguio city at sa aming destinado ang ka norberto mislang,https://www.youtube.com/watch?v=ROa3kbG5M0U&lc=Ugze3mA09lZQYjjOnrl4AaABAg,Ugze3mA09lZQYjjOnrl4AaABAg,UCgmH8Vmu8sdTmagiLke9JGA,"Fetched 05/24/2026, 8:08:10 PM GMT+8"
8144,Baguio City,@ElPrimo-z9p,2 weeks ago,morning po from lokal ng baguio city,https://www.youtube.com/watch?v=ROa3kbG5M0U&lc=UgwtJfXG4r5g0I3VGLp4AaABAg,UgwtJfXG4r5g0I3VGLp4AaABAg,UCrbm_HDL1YQeBGR2PEsuGCQ,"Fetched 05/24/2026, 8:08:10 PM GMT+8"
8145,Baguio City,@Jerald-z6n,2 weeks ago,"Happy Viewing po mula sa Lokal ng Baguio City, Distrito ng Benguet",https://www.youtube.com/watch?v=ROa3kbG5M0U&lc=Ugz1BV82Bk60Vj-eitB4AaABAg,Ugz1BV82Bk60Vj-eitB4AaABAg,UC8g_QZnHM6Ifblgpu6cGOqQ,"Fetched 05/24/2026, 8:08:10 PM GMT+8"
8146,Baguio City,@NorbertoMislang-k1f,2 weeks ago,Baguio City always on the go....,https://www.youtube.com/watch?v=ROa3kbG5M0U&lc=Ugxnf6meNMceE5DyoLJ4AaABAg,Ugxnf6meNMceE5DyoLJ4AaABAg,UCHrMwbP6cIZPIlWf5nvI8dA,"Fetched 05/24/2026, 8:08:10 PM GMT+8"
8147,Baguio City,@susancostales8489,2 weeks ago,❤happy viewing po  sa ating lahat greetings from locale of Baguio city,https://www.youtube.com/watch?v=ROa3kbG5M0U&lc=UgytUkEkfu2jvrS2jo14AaABAg,UgytUkEkfu2jvrS2jo14AaABAg,UCFKcrbpMSec4O6QwhRxv9mg,"Fetched 05/24/2026, 8:08:10 PM GMT+8"
8148,Baguio City,@Bon_Novesteras03,2 weeks ago,Happy viewing from lokal ng Baguio City Distrito ng Benguet ❤🇮🇹😍,https://www.youtube.com/watch?v=ROa3kbG5M0U&lc=Ugx-Bys4PvrjfbvlS9d4AaABAg,Ugx-Bys4PvrjfbvlS9d4AaABAg,UCxNBRjvAYIEr4ySli27co3Q,"Fetched 05/24/2026, 8:08:10 PM GMT+8"
8149,Baguio City,@kristineaiselgi8507,2 weeks ago,"HAPPY VIEWING PO! MULA PO SA LOKAL NG BAGUIO CITY, BENGUET! BINABATI KO PO ANG AMING DESTINADO NA SI KA. NORBERT MISLANG! 🤍",https://www.youtube.com/watch?v=ROa3kbG5M0U&lc=UgzsQPA_2vE-dmCdVe94AaABAg,UgzsQPA_2vE-dmCdVe94AaABAg,UCMrgYHxxNIX-oIvKC-MJv-A,"Fetched 05/24/2026, 8:08:10 PM GMT+8"
8150,Baguio City,@kristineaiselgi8507,2 weeks ago,"HAPPY VIEWING PO! FROM LOKAL NG BAGUIO CITY, BENGUET! BINABATI KO PO ANG AMING DESTINADO NA SI KA. NORBERT MISLANG! 🤍",https://www.youtube.com/watch?v=ROa3kbG5M0U&lc=UgxApx-DsUyfYvMi-ZF4AaABAg,UgxApx-DsUyfYvMi-ZF4AaABAg,UCMrgYHxxNIX-oIvKC-MJv-A,"Fetched 05/24/2026, 8:08:10 PM GMT+8"
8151,Baguio City,@GeraldineTuazon-u9m,2 weeks ago,"Happy viewing po,mula po sa lokal Ng Baguio City.",https://www.youtube.com/watch?v=ROa3kbG5M0U&lc=Ugzg4BpVO5sHfvroZ054AaABAg,Ugzg4BpVO5sHfvroZ054AaABAg,UCBkZQHfTFFW_xN-seYmbD5g,"Fetched 05/24/2026, 8:08:10 PM GMT+8"
8152,Baguio City,@ezrah8637,2 weeks ago,"Good morning po mga kapatid! Happy viewing po, mula sa Lokal ng Baguio City ❤ Go BENGUET! 🇮🇹",https://www.youtube.com/watch?v=ROa3kbG5M0U&lc=Ugzj1Gw-G97-yrb-JrB4AaABAg,Ugzj1Gw-G97-yrb-JrB4AaABAg,UCoIa8U2n-EOwrHviBH3s7mQ,"Fetched 05/24/2026, 8:08:10 PM GMT+8"
8153,Baguio City,@boholhazeline05,2 weeks ago,"Happy watching po,, Pagbati po mula sa mga kapatid ng Baguio City Distrito ng Benguet❤❤",https://www.youtube.com/watch?v=ROa3kbG5M0U&lc=UgzL6a2tPXkOCWup1rN4AaABAg,UgzL6a2tPXkOCWup1rN4AaABAg,UCNxuEnfuDgIEBwBrpx_Pl3w,"Fetched 05/24/2026, 8:08:10 PM GMT+8"
8154,Baguio City,@jerwinbinwag8728,2 weeks ago,"Watching po, mula po sa Lokal Ng Baguio City, Distrito ng Benguet 🇮🇹💚🤍❤️... sa Destinado po namin na napakasigasig 😁... Ka Norbert Mislang",https://www.youtube.com/watch?v=ROa3kbG5M0U&lc=UgxMnYfxHLotlZwgdN54AaABAg,UgxMnYfxHLotlZwgdN54AaABAg,UCn2jnElKev4lBI_6HYVA5Tg,"Fetched 05/24/2026, 8:08:10 PM GMT+8"
8155,Baguio City,@EleanorMislang,2 weeks ago,Happy viewing po mga kapatid.watching po from local of Baguio city.,https://www.youtube.com/watch?v=ROa3kbG5M0U&lc=Ugw4Y1zYIHAdXyUw9_Z4AaABAg,Ugw4Y1zYIHAdXyUw9_Z4AaABAg,UC-SX89r34HKuT1KlN8J7WTA,"Fetched 05/24/2026, 8:08:10 PM GMT+8"
8156,Baguio City,@AdliselbAoad,2 weeks ago,Magandang Umaga po mga Kapatid / Maligayang Panonood mula po sa Lokal ng Baguio City,https://www.youtube.com/watch?v=ROa3kbG5M0U&lc=UgyFhYagxuCpUXjo6eB4AaABAg,UgyFhYagxuCpUXjo6eB4AaABAg,UCDFkFpLctdryYbzB6sMOn3A,"Fetched 05/24/2026, 8:08:10 PM GMT+8"
8157,Baguio City,@AleiliCaisip-f3g,2 weeks ago,"Good morning po, binabati po namin ang aming mahal na destinado ka Norberto Mislang sa lokal po ng Baguio City Distrito ng Benguet",https://www.youtube.com/watch?v=ROa3kbG5M0U&lc=Ugzm2tB0ow4oSlqTapp4AaABAg,Ugzm2tB0ow4oSlqTapp4AaABAg,UC6_X5vAPAhfo9Z2M4PLKJ1A,"Fetched 05/24/2026, 8:08:10 PM GMT+8"
8158,Baguio City,@danielsangalang4416,2 weeks ago,Happy Viewing po mula po sa Lokal Ng Baguio City.,https://www.youtube.com/watch?v=ROa3kbG5M0U&lc=Ugw_GGfH734AhEO5ilx4AaABAg,Ugw_GGfH734AhEO5ilx4AaABAg,UCd83g5cGg_Es6Qyl02u7jdw,"Fetched 05/24/2026, 8:08:10 PM GMT+8"
8159,Baguio City,@AleiliCaisip-f3g,2 weeks ago,Good morning po sa lahat ng kabagis na nanonood. Happy viewing po mula sa lokal ng baguio City Distrito ng Benguet,https://www.youtube.com/watch?v=ROa3kbG5M0U&lc=UgwxRu8MkKpUBvnNv554AaABAg,UgwxRu8MkKpUBvnNv554AaABAg,UC6_X5vAPAhfo9Z2M4PLKJ1A,"Fetched 05/24/2026, 8:08:10 PM GMT+8"
8160,Baguio City,@rcaong8456,2 weeks ago,"Happy watching po... / From Lokal ng Baguio City, Benguet! / Shout out po sa Kagawaran ng Pananalapi!",https://www.youtube.com/watch?v=ROa3kbG5M0U&lc=UgwtJeWiYS19A7PzgLF4AaABAg,UgwtJeWiYS19A7PzgLF4AaABAg,UC_TAqhdL_545trgigjJp9tg,"Fetched 05/24/2026, 8:08:10 PM GMT+8"
8161,Baguio City,@levimabutas6628,2 weeks ago,From lokal ng Baguio City Good morning po  nood na po habang humihigop ng mainit na kape..,https://www.youtube.com/watch?v=ROa3kbG5M0U&lc=UgyzXanNw8C8_ACIl654AaABAg,UgyzXanNw8C8_ACIl654AaABAg,UC5QGmbYttC7jRxZsWK-3kew,"Fetched 05/24/2026, 8:08:10 PM GMT+8"
8162,Baguio City,@AhlivienBohol,2 weeks ago,"Happy watching brethren, pagbati mula sa mga finance officer ng Lokal ng Baguio City ❤",https://www.youtube.com/watch?v=ROa3kbG5M0U&lc=UgzqN8GbNaKQmKoKDzd4AaABAg,UgzqN8GbNaKQmKoKDzd4AaABAg,UCRev6fWBQis-wPLaaRpVyiw,"Fetched 05/24/2026, 8:08:10 PM GMT+8"
8163,Baguio City,@NorbertoMislang-k1f,2 weeks ago,Patuloy ang pagsuporta ng lokal ng Baguio City...,https://www.youtube.com/watch?v=ROa3kbG5M0U&lc=Ugz3JdF8NYHu6TfhJbN4AaABAg,Ugz3JdF8NYHu6TfhJbN4AaABAg,UCHrMwbP6cIZPIlWf5nvI8dA,"Fetched 05/24/2026, 8:08:10 PM GMT+8"
8164,Baguio City,@blairgatulla6335,2 weeks ago,Mabuhay ang Benguet District.. Mula po sa Lokal ng Baguio City..,https://www.youtube.com/watch?v=ROa3kbG5M0U&lc=UgxKUVyGDhaZdWjInY14AaABAg,UgxKUVyGDhaZdWjInY14AaABAg,UCIhKHo-Qqok8t5094AbqWpg,"Fetched 05/24/2026, 8:08:10 PM GMT+8"
8165,Baguio City,@henrycaranto2644,2 weeks ago,Let’s Go BENGUET!!🎉  / Pagbati po sa Lahat. Mula po sa Lokal ng Baguio City☺️🍓🍓,https://www.youtube.com/watch?v=ROa3kbG5M0U&lc=UgzaEX1fl9EkM9kkHD14AaABAg,UgzaEX1fl9EkM9kkHD14AaABAg,UCFilTOy22FklSkBIgwVPVaQ,"Fetched 05/24/2026, 8:08:10 PM GMT+8"
8166,Baguio City,@elginemanlong5910,2 weeks ago,Magandang araw po mga kapatid ❤ / Mula po sa lokal ng Baguio City.,https://www.youtube.com/watch?v=ROa3kbG5M0U&lc=UgyuplSF4CTnTnT6Xml4AaABAg,UgyuplSF4CTnTnT6Xml4AaABAg,UC_gcLTFQSURmpV61ak8rJBw,"Fetched 05/24/2026, 8:08:10 PM GMT+8"
8167,Baguio City,@EvelynPungtilan,2 weeks ago,Masayang panonod po sa lahat. Pagbati mula sa lokal ng Baguio City,https://www.youtube.com/watch?v=ROa3kbG5M0U&lc=UgyJngkkoyHaf1_k3xd4AaABAg,UgyJngkkoyHaf1_k3xd4AaABAg,UCeh-HkIy--S3wIoOOWwn7XA,"Fetched 05/24/2026, 8:08:10 PM GMT+8"
8168,Baguio City,@EvelynPungtilan,2 weeks ago,Happy viewing to all from locale of Baguio City,https://www.youtube.com/watch?v=ROa3kbG5M0U&lc=UgzXlBpjKFaxE3w-Ntd4AaABAg,UgzXlBpjKFaxE3w-Ntd4AaABAg,UCeh-HkIy--S3wIoOOWwn7XA,"Fetched 05/24/2026, 8:08:10 PM GMT+8"
8169,Baguio City,@EleanorMislang,2 weeks ago,Happy viewing po from local of Baguio city,https://www.youtube.com/watch?v=ROa3kbG5M0U&lc=UgxGGd7AWNHiMqxiTJh4AaABAg,UgxGGd7AWNHiMqxiTJh4AaABAg,UC-SX89r34HKuT1KlN8J7WTA,"Fetched 05/24/2026, 8:08:10 PM GMT+8"
8170,Baguio City,@jhonmarksecuaten6481,2 weeks ago (edited),Happy viewing po from lokal ng baguio city at binabati kodin po aming distinado na c kaNorbeto Mislang,https://www.youtube.com/watch?v=ROa3kbG5M0U&lc=UgzVBXfvim50KzKL_oh4AaABAg,UgzVBXfvim50KzKL_oh4AaABAg,UC8G31XxC8pIwrheIbbmrv2w,"Fetched 05/24/2026, 8:08:10 PM GMT+8"
8171,Baguio City,@cherrydevera8251,2 weeks ago,Maligayang panunuod po mula SA Lokal ng baguio city,https://www.youtube.com/watch?v=ROa3kbG5M0U&lc=UgzrR8oWXxR8zFIxDXF4AaABAg,UgzrR8oWXxR8zFIxDXF4AaABAg,UCrod3zHPNdFZBv-HyVuLJ3g,"Fetched 05/24/2026, 8:08:10 PM GMT+8"
8172,Baguio City,@agudongdencebaylorb.6757,2 weeks ago,Happy viewing po sa lahat! Pagbati mula po sa Lokal ng Baguio City Distrito ng Benguet!,https://www.youtube.com/watch?v=ROa3kbG5M0U&lc=UgzKayi1I99Rvd0OZ3F4AaABAg,UgzKayi1I99Rvd0OZ3F4AaABAg,UCk7OB5KugstrmQSDU7Q4lDQ,"Fetched 05/24/2026, 8:08:10 PM GMT+8"
8173,Baguio City,@justinaoris,2 weeks ago,Happy viewing po from LOKAL NG BAGUIO CITY,https://www.youtube.com/watch?v=ROa3kbG5M0U&lc=Ugzuvn-lDz0oHbE8uPB4AaABAg,Ugzuvn-lDz0oHbE8uPB4AaABAg,UClhWJtEFPYQDNc3mQXsoHqg,"Fetched 05/24/2026, 8:08:10 PM GMT+8"
8174,Baguio City,@johannavictoriabugayong6497,2 weeks ago,"On replay po siya sa aking playlist! Ang gagaling nmn po ng mga kapatid! Bravo!🎉🎉🎉from Local of Baguio City, District of Benguet po!!!",https://www.youtube.com/watch?v=ROa3kbG5M0U&lc=UgwIcrGwnalH93o6WY54AaABAg,UgwIcrGwnalH93o6WY54AaABAg,UCAVwkDYaVisQRxDeJ2kDClA,"Fetched 05/24/2026, 8:08:10 PM GMT+8"
8175,Baguio City,@MitzieyaahBarrato,2 weeks ago,Happy viewing mula sa Lokal ng Baguio City! Let’s go Benguet 🍓😇🤍,https://www.youtube.com/watch?v=ROa3kbG5M0U&lc=UgxjWcuqUMgEE_hp2uJ4AaABAg,UgxjWcuqUMgEE_hp2uJ4AaABAg,UCh70oh5BbvseOBOn9SbJ2HA,"Fetched 05/24/2026, 8:08:10 PM GMT+8"
8176,Baguio City,@RogelioSeli,2 weeks ago,Happy viewing po lokal ng san luis baguio city,https://www.youtube.com/watch?v=ROa3kbG5M0U&lc=UgwCayYM0fQNi7_JMZV4AaABAg,UgwCayYM0fQNi7_JMZV4AaABAg,UCIZ8-ughr4KZS3hAwFgAUng,"Fetched 05/24/2026, 8:08:10 PM GMT+8"
8177,Baguio City,@johannavictoriabugayong6497,2 weeks ago,Nakaka LSS po!😅😅 happy viewing from Baguio City!!!🎉🎉🎉,https://www.youtube.com/watch?v=ROa3kbG5M0U&lc=UgwSBLtuAoTc_QFPd-h4AaABAg,UgwSBLtuAoTc_QFPd-h4AaABAg,UCAVwkDYaVisQRxDeJ2kDClA,"Fetched 05/24/2026, 8:08:10 PM GMT+8"
8178,Baguio City,@GreySantino,2 weeks ago (edited),mula po sa lokal ng baguio city ay magalang po kaming bumabati kay   kapatid norberto mislang na pinaka matindi na destinado po namin.,https://www.youtube.com/watch?v=ROa3kbG5M0U&lc=Ugz_Y4gh0bu7Qf2ctbF4AaABAg,Ugz_Y4gh0bu7Qf2ctbF4AaABAg,UCgmH8Vmu8sdTmagiLke9JGA,"Fetched 05/24/2026, 8:08:10 PM GMT+8"
8179,Baguio City,@FebelynCariño,2 weeks ago,Happy viewing po from Lokal ng Baguio City 💚🤍❤,https://www.youtube.com/watch?v=ROa3kbG5M0U&lc=Ugxdg2L4AGl2JyaF-WZ4AaABAg,Ugxdg2L4AGl2JyaF-WZ4AaABAg,UCfveh5MfBps9iIG2jF997sQ,"Fetched 05/24/2026, 8:08:10 PM GMT+8"
8180,Baguio City,@NorbertoMislang-k1f,2 weeks ago,Watching from lokal ng Baguio City..,https://www.youtube.com/watch?v=ROa3kbG5M0U&lc=UgwhZJfw4FuO0g6cgml4AaABAg,UgwhZJfw4FuO0g6cgml4AaABAg,UCHrMwbP6cIZPIlWf5nvI8dA,"Fetched 05/24/2026, 8:08:10 PM GMT+8"
8181,Baguio City,@RJTBootshop,2 weeks ago,Happy viewing mula sa lokal ng Sn Carlos Heights Baguio City,https://www.youtube.com/watch?v=ROa3kbG5M0U&lc=UgyMf9DAShyLlLBhYRF4AaABAg,UgyMf9DAShyLlLBhYRF4AaABAg,UC1cQlQEfkfsqrYaghGEeMXA,"Fetched 05/24/2026, 8:08:10 PM GMT+8"
8182,Baguio City,@norbertogines1481,2 weeks ago,Happy viewing po from lokal ng Baguio city,https://www.youtube.com/watch?v=ROa3kbG5M0U&lc=Ugy30IWvdWEMlhSOch54AaABAg,Ugy30IWvdWEMlhSOch54AaABAg,UCq3nPr8wAkpSRZWQkuNWEaA,"Fetched 05/24/2026, 8:08:10 PM GMT+8"
8183,Baguio City,@grayvalentine770,2 weeks ago,"Happy viewing po mula po sa lokal ng Baguio city, Distrito ng Benguet",https://www.youtube.com/watch?v=ROa3kbG5M0U&lc=UgyLFIGk3rIJPA1kRwN4AaABAg,UgyLFIGk3rIJPA1kRwN4AaABAg,UCA8J9BuI7nPbZ3E1OSaMTeg,"Fetched 05/24/2026, 8:08:10 PM GMT+8"
8184,Baguio City,@lonlon31-c3c,2 weeks ago,Happy viewing po mga Kapatid mula sa lokal ng Baguio city❤,https://www.youtube.com/watch?v=ROa3kbG5M0U&lc=Ugwl0tIHLpZff9KBr6h4AaABAg,Ugwl0tIHLpZff9KBr6h4AaABAg,UC3vwgwy2Jm_fM3MHyGvB_OQ,"Fetched 05/24/2026, 8:08:10 PM GMT+8"
8185,Baguio City,@JCL2011x,2 weeks ago,Nanood sa Baguio City Benguet,https://www.youtube.com/watch?v=ROa3kbG5M0U&lc=UgxIAzNs0Y1n9ivRogp4AaABAg,UgxIAzNs0Y1n9ivRogp4AaABAg,UChJ9-FoV2SSbSQxJkYipzCw,"Fetched 05/24/2026, 8:08:10 PM GMT+8"
8186,Baguio City,@virgiliodelarosa134,2 weeks ago,Happy viewing po sa lahat ng mga kapatid from lokal ng baguio city.,https://www.youtube.com/watch?v=ROa3kbG5M0U&lc=UgyPF5XgFjRluXDPfJh4AaABAg,UgyPF5XgFjRluXDPfJh4AaABAg,UCJMZ8CG7jX1QlceFc84nwIA,"Fetched 05/24/2026, 8:08:10 PM GMT+8"
8187,Baguio City,@ivymorenomaravilla,2 weeks ago,"Happppy Viewing po. Mula sa Lokal ng Baguio City, Distrito ng Benguet!!! ♥️♥️♥️♥️",https://www.youtube.com/watch?v=ROa3kbG5M0U&lc=UgxjbngPSaKfy8aAf3x4AaABAg,UgxjbngPSaKfy8aAf3x4AaABAg,UC32rXNkKQhO9c-YLliCwYLg,"Fetched 05/24/2026, 8:08:10 PM GMT+8"
8188,Baguio City,@ivymorenomaravilla,2 weeks ago,"Happppy Viewing po. Mula sa Lokal ng Baguio City, Distrito ng Benguet!!! ♥️♥️♥️♥️",https://www.youtube.com/watch?v=ROa3kbG5M0U&lc=UgyiM-_fYDdQoZlQZct4AaABAg,UgyiM-_fYDdQoZlQZct4AaABAg,UC32rXNkKQhO9c-YLliCwYLg,"Fetched 05/24/2026, 8:08:10 PM GMT+8"
8189,Baguio City,@ivymorenomaravilla,2 weeks ago,"Happppy Viewing po. Mula sa Lokal ng Baguio City, Distrito ng Benguet!!! ♥️♥️♥️♥️",https://www.youtube.com/watch?v=ROa3kbG5M0U&lc=UgzJL62lizLmgVujiBl4AaABAg,UgzJL62lizLmgVujiBl4AaABAg,UC32rXNkKQhO9c-YLliCwYLg,"Fetched 05/24/2026, 8:08:10 PM GMT+8"
8190,Baguio City,@ivymorenomaravilla,2 weeks ago,"Happppy Viewing po. Mula sa Lokal ng Baguio City, Distrito ng Benguet!!! ♥️♥️♥️♥️",https://www.youtube.com/watch?v=ROa3kbG5M0U&lc=Ugw9kyt4fYeWxrzPf9h4AaABAg,Ugw9kyt4fYeWxrzPf9h4AaABAg,UC32rXNkKQhO9c-YLliCwYLg,"Fetched 05/24/2026, 8:08:10 PM GMT+8"
8191,Baguio City,@ivymorenomaravilla,2 weeks ago,"Happppy Viewing po. Mula sa Lokal ng Baguio City, Distrito ng Benguet!!! ♥️♥️♥️♥️",https://www.youtube.com/watch?v=ROa3kbG5M0U&lc=UgzdLrayJAQSFrSxWmN4AaABAg,UgzdLrayJAQSFrSxWmN4AaABAg,UC32rXNkKQhO9c-YLliCwYLg,"Fetched 05/24/2026, 8:08:10 PM GMT+8"
8192,Baguio City,@virgiliodelarosa134,2 weeks ago,Happy viewing po from lokal ng baguio city,https://www.youtube.com/watch?v=ROa3kbG5M0U&lc=Ugz2LHCtHPvYViavi9B4AaABAg,Ugz2LHCtHPvYViavi9B4AaABAg,UCJMZ8CG7jX1QlceFc84nwIA,"Fetched 05/24/2026, 8:08:10 PM GMT+8"
8193,Baguio City,@AleiliCaisip-f3g,2 weeks ago,"Magandang gabi po sa lahat ng kapatid na nanonood. Happy viewing po mula sa lokal ng Baguio City, Distrito ng Benguet",https://www.youtube.com/watch?v=ROa3kbG5M0U&lc=UgwDNpfX_poU9ETuGIR4AaABAg,UgwDNpfX_poU9ETuGIR4AaABAg,UC6_X5vAPAhfo9Z2M4PLKJ1A,"Fetched 05/24/2026, 8:08:10 PM GMT+8"
8194,Baguio City,@AiraDiaz-z3v,2 weeks ago,"Happy viewing po, from lokal ng Baguio city",https://www.youtube.com/watch?v=ROa3kbG5M0U&lc=UgysmXfmS15pLSzZNbR4AaABAg,UgysmXfmS15pLSzZNbR4AaABAg,UCXgCPa_6Zx6RJqptv3EmRww,"Fetched 05/24/2026, 8:08:10 PM GMT+8"
8195,Baguio City,@susancostales8489,2 weeks ago,GREETINGS FROM THE LOCALE OF BAGUIO CITY IN THE DISTRICT OF BENGUET!!!,https://www.youtube.com/watch?v=ROa3kbG5M0U&lc=UgzrRPLS21fFyPE9g7J4AaABAg,UgzrRPLS21fFyPE9g7J4AaABAg,UCFKcrbpMSec4O6QwhRxv9mg,"Fetched 05/24/2026, 8:08:10 PM GMT+8"
8196,Baguio City,@boholhazeline05,2 weeks ago,"Happy viewing po, from lokal ng baguio city distrito ng benguet",https://www.youtube.com/watch?v=ROa3kbG5M0U&lc=UgywzoGjGT4fRdePe6B4AaABAg,UgywzoGjGT4fRdePe6B4AaABAg,UCNxuEnfuDgIEBwBrpx_Pl3w,"Fetched 05/24/2026, 8:08:10 PM GMT+8"
8197,Baguio City,@jaymebugayong4331,2 weeks ago,Happy viewing po from Baguio City Locale,https://www.youtube.com/watch?v=ROa3kbG5M0U&lc=UgwVjW_tY2S_9maOztB4AaABAg,UgwVjW_tY2S_9maOztB4AaABAg,UCyBkQj1Q-M75Gxw2lYFFSUg,"Fetched 05/24/2026, 8:08:10 PM GMT+8"
8198,Baguio City,@royfritz2614,2 weeks ago,"shout out po sa magiting at mapag malasakit na Destinado po ng Baguio City, Distrito ng Benguet ang Ka Norberto Mislang at ang kanilang buong sambahayan!!!!! Mula po sa lahat ng mga kapatid at MT sa Lokal ng Gibraltar!!!!🤗🤗🤗😇😇😇",https://www.youtube.com/watch?v=ROa3kbG5M0U&lc=UgxDmwrwVTwOMdELgb94AaABAg,UgxDmwrwVTwOMdELgb94AaABAg,UCKx5s7zLGT6I3I3BYBTIQSg,"Fetched 05/24/2026, 8:08:10 PM GMT+8"
8199,Baguio City,@royfritz2614,2 weeks ago,"shout out po sa magiting at mapag malasakit na Destinado po ng Baguio City, Distrito ng Benguet ang Ka Norberto Mislang at ang kanilang buong sambahayan!!!!! Mula po sa lahat ng mga kapatid at MT sa Lokal ng Gibraltar!!!!🤗🤗🤗😇😇😇",https://www.youtube.com/watch?v=ROa3kbG5M0U&lc=UgxGN45tY9wjO_rTZx14AaABAg,UgxGN45tY9wjO_rTZx14AaABAg,UCKx5s7zLGT6I3I3BYBTIQSg,"Fetched 05/24/2026, 8:08:10 PM GMT+8"
8200,Baguio City,@royfritz2614,2 weeks ago,"shout out po sa magiting at mapag malasakit na Destinado po ng Baguio City, Distrito ng Benguet ang Ka Norberto Mislang at ang kanilang buong sambahayan!!!!! Mula po sa lahat ng mga kapatid at MT sa Lokal ng Gibraltar!!!!🤗🤗🤗😇😇😇",https://www.youtube.com/watch?v=ROa3kbG5M0U&lc=UgzCRH3rW9neAbKZE_x4AaABAg,UgzCRH3rW9neAbKZE_x4AaABAg,UCKx5s7zLGT6I3I3BYBTIQSg,"Fetched 05/24/2026, 8:08:10 PM GMT+8"
8201,Baguio City,@royfritz2614,2 weeks ago,"shout out po sa magiting at mapag malasakit na Destinado po ng Baguio City, Distrito ng Benguet ang Ka Norberto Mislang at ang kanilang buong sambahayan!!!!! Mula po sa lahat ng mga kapatid at MT sa Lokal ng Gibraltar!!!!🤗🤗🤗😇😇😇",https://www.youtube.com/watch?v=ROa3kbG5M0U&lc=Ugzm-JYh0kkEyraxaQV4AaABAg,Ugzm-JYh0kkEyraxaQV4AaABAg,UCKx5s7zLGT6I3I3BYBTIQSg,"Fetched 05/24/2026, 8:08:10 PM GMT+8"
8202,Baguio City,@royfritz2614,2 weeks ago,"shout out po sa magiting at mapag malasakit na Destinado po ng Baguio City, Distrito ng Benguet ang Ka Norberto Mislang at ang kanilang buong sambahayan!!!!! Mula po sa lahat ng mga kapatid at MT sa Lokal ng Gibraltar!!!!🤗🤗🤗😇😇😇",https://www.youtube.com/watch?v=ROa3kbG5M0U&lc=UgzapJ1yDS8t4IEubah4AaABAg,UgzapJ1yDS8t4IEubah4AaABAg,UCKx5s7zLGT6I3I3BYBTIQSg,"Fetched 05/24/2026, 8:08:10 PM GMT+8"
8203,Baguio City,@royfritz2614,2 weeks ago,"shout out po sa magiting at mapag malasakit na Destinado po ng Baguio City, Distrito ng Benguet ang Ka Norberto Mislang at ang kanilang buong sambahayan!!!!! Mula po sa lahat ng mga kapatid at MT sa Lokal ng Gibraltar!!!!🤗🤗🤗😇😇😇",https://www.youtube.com/watch?v=ROa3kbG5M0U&lc=Ugzu3M8X4rSCzc3pORR4AaABAg,Ugzu3M8X4rSCzc3pORR4AaABAg,UCKx5s7zLGT6I3I3BYBTIQSg,"Fetched 05/24/2026, 8:08:10 PM GMT+8"
8204,Baguio City,@benbugayong259,2 weeks ago,"Happy viewing, from Lokal ng Baguio city",https://www.youtube.com/watch?v=ROa3kbG5M0U&lc=UgweYT0H-ECPXOBgRiB4AaABAg,UgweYT0H-ECPXOBgRiB4AaABAg,UCNeWVdP6nP0DWV0ZAbwpQ0A,"Fetched 05/24/2026, 8:08:10 PM GMT+8"
8205,Baguio City,@noedulay,2 weeks ago,Happy viewing Po from lokal ng baguio city distrito ng benguet,https://www.youtube.com/watch?v=ROa3kbG5M0U&lc=Ugw-5Ava4RgWYqQWFBN4AaABAg,Ugw-5Ava4RgWYqQWFBN4AaABAg,UCXhwmp6dOr8fjMmxQrm84Jg,"Fetched 05/24/2026, 8:08:10 PM GMT+8"
8206,Baguio City,@giloribello,2 weeks ago,Happy viewing sa lahat Baguio City,https://www.youtube.com/watch?v=ROa3kbG5M0U&lc=UgzgjXnBjDgylgu8VFB4AaABAg,UgzgjXnBjDgylgu8VFB4AaABAg,UCDoxrvwIaC8g19_zJaWhluQ,"Fetched 05/24/2026, 8:08:10 PM GMT+8"
8207,Baguio City,@EthanMislang3,2 weeks ago,Happy Viewing po. Lokal ng Baguio City po.,https://www.youtube.com/watch?v=ROa3kbG5M0U&lc=UgwVvqYmTdeYBf6frDR4AaABAg,UgwVvqYmTdeYBf6frDR4AaABAg,UCPGKpSnscn6R1tkPW5YC7tQ,"Fetched 05/24/2026, 8:08:10 PM GMT+8"
8208,Baguio City,@arlynsadsaddarnayla,2 weeks ago,Happy viewing po sa lahat...mula po sa lokal ng Baguio city🇮🇹,https://www.youtube.com/watch?v=ROa3kbG5M0U&lc=UgzD-u8bOHoVHPTGzvh4AaABAg,UgzD-u8bOHoVHPTGzvh4AaABAg,UCEpebcWdMuh8WoE06IwNIKA,"Fetched 05/24/2026, 8:08:10 PM GMT+8"
8209,Baguio City,@marneliebatalla8117,2 weeks ago,Happy viewing po mula sa lokal ng Baguio City😊,https://www.youtube.com/watch?v=ROa3kbG5M0U&lc=UgwyMz444NUwV4gw_Jd4AaABAg,UgwyMz444NUwV4gw_Jd4AaABAg,UCGZeqKpiLqcjH02gBjGj7kQ,"Fetched 05/24/2026, 8:08:10 PM GMT+8"
8210,Baguio City,@ivymorenomaravilla,2 weeks ago,"Happppy Viewing po. Mula sa Lokal ng Baguio City, Distrito ng Benguet!!! ♥️♥️♥️♥️",https://www.youtube.com/watch?v=ROa3kbG5M0U&lc=UgzOAcJ3UXf2HbdbJ0V4AaABAg,UgzOAcJ3UXf2HbdbJ0V4AaABAg,UC32rXNkKQhO9c-YLliCwYLg,"Fetched 05/24/2026, 8:08:10 PM GMT+8"
8211,Baguio City,@ivymorenomaravilla,2 weeks ago,"Happppy Viewing po. Mula sa Lokal ng Baguio City, Distrito ng Benguet!!! ♥️♥️♥️♥️",https://www.youtube.com/watch?v=ROa3kbG5M0U&lc=UgwDZa1ruie62NJjwKF4AaABAg,UgwDZa1ruie62NJjwKF4AaABAg,UC32rXNkKQhO9c-YLliCwYLg,"Fetched 05/24/2026, 8:08:10 PM GMT+8"
8212,Baguio City,@arnibels,2 weeks ago,Happy viewing po mula sa lokal ng Baguio City! 🇮🇹,https://www.youtube.com/watch?v=ROa3kbG5M0U&lc=Ugy9Yu-1fn4nYfrMpFN4AaABAg,Ugy9Yu-1fn4nYfrMpFN4AaABAg,UC9M2GHa0U4WxtBF23MldPBg,"Fetched 05/24/2026, 8:08:10 PM GMT+8"
8213,Baguio City,@KimberlyTalavera-s9z,2 weeks ago,Happy watching po mula sa Lokal ng Baguio City ❤,https://www.youtube.com/watch?v=ROa3kbG5M0U&lc=UgysPnyTvFXXzTMIeix4AaABAg,UgysPnyTvFXXzTMIeix4AaABAg,UCQtxeYVENTpIK90dJgNhiQw,"Fetched 05/24/2026, 8:08:10 PM GMT+8"
8214,Baguio City,@dayobohol5487,2 weeks ago,Happy wiewing mula sa lokal ng baguio city,https://www.youtube.com/watch?v=ROa3kbG5M0U&lc=UgwOg9eMqNykbeSRJ1B4AaABAg,UgwOg9eMqNykbeSRJ1B4AaABAg,UCnRGnqKPM39foMzRCWJzKzw,"Fetched 05/24/2026, 8:08:10 PM GMT+8"
8215,Baguio City,@levimabutas6628,2 weeks ago,Happy viewing po mga kapatid mula po dito sa lokal ng baguio city,https://www.youtube.com/watch?v=ROa3kbG5M0U&lc=UgyhHJ190-MyvcNkM6F4AaABAg,UgyhHJ190-MyvcNkM6F4AaABAg,UC5QGmbYttC7jRxZsWK-3kew,"Fetched 05/24/2026, 8:08:10 PM GMT+8"
8216,Baguio City,@edwardallangaray5399,2 weeks ago,happy viewing to all brethren 😊 from local of Baguio City District of Benguet 😊🤚,https://www.youtube.com/watch?v=ROa3kbG5M0U&lc=UgxhOTgJ5VIfbo5ANtF4AaABAg,UgxhOTgJ5VIfbo5ANtF4AaABAg,UCtZ0DPDEBFGQpZJO4y5wn8A,"Fetched 05/24/2026, 8:08:10 PM GMT+8"
8217,Baguio City,@IstardotPh,2 weeks ago,Happy viewing po from Baguio city,https://www.youtube.com/watch?v=ROa3kbG5M0U&lc=UgzQSGCoZ8BypgqV0iR4AaABAg,UgzQSGCoZ8BypgqV0iR4AaABAg,UCVGv-3O4W7fyLOwV0oGwveQ,"Fetched 05/24/2026, 8:08:10 PM GMT+8"
8218,Baguio City,@Jonnerguilod,2 weeks ago,Happy Viewing po from Lokal ng Baguio City / LET'S GO BENGUET🎉🍓🍓,https://www.youtube.com/watch?v=ROa3kbG5M0U&lc=Ugwd_3tyggnkeFa76p54AaABAg,Ugwd_3tyggnkeFa76p54AaABAg,UCUziou_rMXx7lIZ3VI2K55Q,"Fetched 05/24/2026, 8:08:10 PM GMT+8"
8219,Baguio City,@MarkChristianPabloAntolin,2 weeks ago,"Happy Viewing po mga Minamahal naming kapatid! From Ecclesiastical District of BENGUET, Locale of BAGUIO CITY",https://www.youtube.com/watch?v=ROa3kbG5M0U&lc=UgxaHQogjBqsJGHPcSV4AaABAg,UgxaHQogjBqsJGHPcSV4AaABAg,UCh_LI9bnXXbrUJK5bZbSJ4g,"Fetched 05/24/2026, 8:08:10 PM GMT+8"
8220,Baguio City,@MartinaSiwag,2 weeks ago (edited),Maligayang bati po watching from lokal ng Baguio city,https://www.youtube.com/watch?v=ROa3kbG5M0U&lc=UgyoTVlNdk_dt6HQEnN4AaABAg,UgyoTVlNdk_dt6HQEnN4AaABAg,UCA5ky8bxBQmBTSJMT8fzLVA,"Fetched 05/24/2026, 8:08:10 PM GMT+8"
8221,Baguio City,@IstardotPh,2 weeks ago,"Happy viewing po from locale of Baguio City, District of Benguet",https://www.youtube.com/watch?v=ROa3kbG5M0U&lc=UgzLvlDIRgT8yM9ITKN4AaABAg,UgzLvlDIRgT8yM9ITKN4AaABAg,UCVGv-3O4W7fyLOwV0oGwveQ,"Fetched 05/24/2026, 8:08:10 PM GMT+8"
8222,Baguio City,@alicemarinas4607,2 weeks ago,Maligayang panunuod po mula po sa lokal ng Baguio City,https://www.youtube.com/watch?v=ROa3kbG5M0U&lc=Ugx4i9s4W6VSKOLl_e94AaABAg,Ugx4i9s4W6VSKOLl_e94AaABAg,UCmXoLyLj_FqPhRNThPIBQ8g,"Fetched 05/24/2026, 8:08:10 PM GMT+8"
8223,Baguio City,@hazelhalican2149,2 weeks ago,"Binabati ko po lahat ng mga kasama ko pong kalihim sa lokal po ng Baguio city 💚 Ezra, Unico, Loureen, Cresecia, Louie 💚😊",https://www.youtube.com/watch?v=ROa3kbG5M0U&lc=UgxCRVy-6vmlsCTHLal4AaABAg,UgxCRVy-6vmlsCTHLal4AaABAg,UC5JK1YaWy38yVHiRtJW47sw,"Fetched 05/24/2026, 8:08:10 PM GMT+8"
8224,Baguio City,@giloribello,2 weeks ago,masayang panonood sa mga taga-BAGUIO City,https://www.youtube.com/watch?v=ROa3kbG5M0U&lc=UgwsPXHbWhmdpBM6wVp4AaABAg,UgwsPXHbWhmdpBM6wVp4AaABAg,UCDoxrvwIaC8g19_zJaWhluQ,"Fetched 05/24/2026, 8:08:10 PM GMT+8"
8225,Baguio City,@JonnerGuilod-ye5rs,2 weeks ago,"Happy Viewing Po,From Lokal ng Baguio City / LET'S GO BENGUET 🎉🍓🍓",https://www.youtube.com/watch?v=ROa3kbG5M0U&lc=UgzrqC-osFApY28Y1854AaABAg,UgzrqC-osFApY28Y1854AaABAg,UCqAZvKcFKWAYBEWjNAhZEZw,"Fetched 05/24/2026, 8:08:10 PM GMT+8"
8226,Baguio City,@joelaganon6952,2 weeks ago,Happy viewing mga kapatid! Mula sa lokal ng Baguio City🎉,https://www.youtube.com/watch?v=ROa3kbG5M0U&lc=UgxbXKWFwWqwWPjZPP14AaABAg,UgxbXKWFwWqwWPjZPP14AaABAg,UChevvJfd5L6E5s2G__kuKtA,"Fetched 05/24/2026, 8:08:10 PM GMT+8"
8227,Baguio City,@MatthewDaoa,2 weeks ago,happy birthday po ka Norbert mislang mula po sa lokal ng Baguio City,https://www.youtube.com/watch?v=ROa3kbG5M0U&lc=UgxXDSYxa7D4ZSOd7oN4AaABAg,UgxXDSYxa7D4ZSOd7oN4AaABAg,UCbkQ9_wG0Bx85fAK7aZwTPQ,"Fetched 05/24/2026, 8:08:10 PM GMT+8"
8228,Baguio City,@poncemarcjoseph,2 weeks ago,Happy viewing po from Lokal ng Baguio City ❤❤,https://www.youtube.com/watch?v=ROa3kbG5M0U&lc=UgwyV32a64WRFXU2Gp54AaABAg,UgwyV32a64WRFXU2Gp54AaABAg,UCDA90BfXW6b-5gQlnMx4VVA,"Fetched 05/24/2026, 8:08:10 PM GMT+8"
8229,Baguio City,@JonnerGuilod-ye5rs,2 weeks ago,"Happy Viewing Po,From Lokal ng Baguio City / LET'S GO BENGUET 🎉🍓🍓",https://www.youtube.com/watch?v=ROa3kbG5M0U&lc=UgyaYDBZsYtgHpSm-s94AaABAg,UgyaYDBZsYtgHpSm-s94AaABAg,UCqAZvKcFKWAYBEWjNAhZEZw,"Fetched 05/24/2026, 8:08:10 PM GMT+8"
8230,Baguio City,@Bon_Novesteras03,2 weeks ago,Happy viewing po from lokal ng Baguio city ❤🇮🇹😊,https://www.youtube.com/watch?v=ROa3kbG5M0U&lc=UgwGHzczdR2cjIvIlX54AaABAg,UgwGHzczdR2cjIvIlX54AaABAg,UCxNBRjvAYIEr4ySli27co3Q,"Fetched 05/24/2026, 8:08:10 PM GMT+8"
8231,Baguio City,@ivanbugayong1680,2 weeks ago,Happy Viewing po mga Kapatid from Lokal ng Baguio City🎉,https://www.youtube.com/watch?v=ROa3kbG5M0U&lc=UgxFUxhko3EjQHXvXlh4AaABAg,UgxFUxhko3EjQHXvXlh4AaABAg,UC3JeUzWxSh0H7SZPypP8WKg,"Fetched 05/24/2026, 8:08:10 PM GMT+8"
8232,Baguio City,@imneyaaah4544,2 weeks ago,"Happy viewing po mga kapatid. 😊 / From locale of Baguio City, District of Benguet. ❤",https://www.youtube.com/watch?v=ROa3kbG5M0U&lc=Ugwyx6FG47WSPDb6clx4AaABAg,Ugwyx6FG47WSPDb6clx4AaABAg,UCxJa_esj_smJO0jnm4PgS5g,"Fetched 05/24/2026, 8:08:10 PM GMT+8"
8233,Baguio City,@juliusbarrientos9957,2 weeks ago,Happy viewing po sa lahat..from lokal ng baguio city,https://www.youtube.com/watch?v=ROa3kbG5M0U&lc=UgxhP4H2H7GTn3MltKl4AaABAg,UgxhP4H2H7GTn3MltKl4AaABAg,UC9yAc_2anjqv7qG6J0BXtHQ,"Fetched 05/24/2026, 8:08:10 PM GMT+8"
8234,Baguio City,@ByronTindo,2 weeks ago,Happy viewing po from local nang baguio city...,https://www.youtube.com/watch?v=ROa3kbG5M0U&lc=UgySP1WIRHMKXBoKgX14AaABAg,UgySP1WIRHMKXBoKgX14AaABAg,UCvIpL3zFvmZWBxOPU5BWu5g,"Fetched 05/24/2026, 8:08:10 PM GMT+8"
8235,Baguio City,@Adliselb,2 weeks ago,Happy viewing po sa mga Maytungkulin Ng Baguio city po,https://www.youtube.com/watch?v=ROa3kbG5M0U&lc=UgwzL-xUVx4EETuASA14AaABAg,UgwzL-xUVx4EETuASA14AaABAg,UCqdcIovy1nUIY294NOXH8LQ,"Fetched 05/24/2026, 8:08:10 PM GMT+8"
8236,Baguio City,@giloribello,2 weeks ago,Elow po sa lahat ng viewers from Baguio City,https://www.youtube.com/watch?v=ROa3kbG5M0U&lc=UgxhGDwDAICMqE4raDF4AaABAg,UgxhGDwDAICMqE4raDF4AaABAg,UCDoxrvwIaC8g19_zJaWhluQ,"Fetched 05/24/2026, 8:08:10 PM GMT+8"
8237,Baguio City,@alicemarinas4607,2 weeks ago,Happy Viewing po From Lokal ng Baguio City,https://www.youtube.com/watch?v=ROa3kbG5M0U&lc=UgzMYkImJYJJ3rUBXnR4AaABAg,UgzMYkImJYJJ3rUBXnR4AaABAg,UCmXoLyLj_FqPhRNThPIBQ8g,"Fetched 05/24/2026, 8:08:10 PM GMT+8"
8238,Baguio City,@jaimeespinuevajr,2 weeks ago,Happy Viewing po sa Lokal ng Baguio City Distrito ng Benguet,https://www.youtube.com/watch?v=ROa3kbG5M0U&lc=UgyUkx8a3j7V2UXBU114AaABAg,UgyUkx8a3j7V2UXBU114AaABAg,UCMhKhNqVk0I4ih9rWZOJgTQ,"Fetched 05/24/2026, 8:08:10 PM GMT+8"
8239,Baguio City,@NorbertoMislang-k1f,2 weeks ago,Happy viewing sa lahat ng MT sa Baguio City,https://www.youtube.com/watch?v=ROa3kbG5M0U&lc=Ugwx5k5sJMDQk2JUexZ4AaABAg,Ugwx5k5sJMDQk2JUexZ4AaABAg,UCHrMwbP6cIZPIlWf5nvI8dA,"Fetched 05/24/2026, 8:08:10 PM GMT+8"
8240,Baguio City,@jesibeldasilag8102,2 weeks ago,"Happy viewing po mga kapatid. From lokal ng Baguio City, District of Benguet ❤😊",https://www.youtube.com/watch?v=ROa3kbG5M0U&lc=Ugwnsc1LAUS1fq-EYIV4AaABAg,Ugwnsc1LAUS1fq-EYIV4AaABAg,UCjgCGrc_KIvfJlbZAnczijg,"Fetched 05/24/2026, 8:08:10 PM GMT+8"
8241,Baguio City,@rwecca,2 weeks ago,"Happy Watching po! Pagbati mula sa Lokal ng Baguio City, Distrito ng Benguet. 😇🎉",https://www.youtube.com/watch?v=ROa3kbG5M0U&lc=Ugx6nYn4Fcozviym37t4AaABAg,Ugx6nYn4Fcozviym37t4AaABAg,UCA-posS3SfoSI3GqHa_QfOg,"Fetched 05/24/2026, 8:08:10 PM GMT+8"
8242,Baguio City,@ivymorenomaravilla,2 weeks ago,"Happppy Viewing po. Mula sa Lokal ng Baguio City, Distrito ng Benguet!!! 🎉🎉🎉🎉",https://www.youtube.com/watch?v=ROa3kbG5M0U&lc=UgwEWw5-akGoRxbcE5N4AaABAg,UgwEWw5-akGoRxbcE5N4AaABAg,UC32rXNkKQhO9c-YLliCwYLg,"Fetched 05/24/2026, 8:08:10 PM GMT+8"
8243,Baguio City,@AdliselbAoad,2 weeks ago,Happy Viewing po Lahat ng MT ng Baguio City / GoGoGo!Benguet!,https://www.youtube.com/watch?v=ROa3kbG5M0U&lc=UgxItiXmrozuasropml4AaABAg,UgxItiXmrozuasropml4AaABAg,UCDFkFpLctdryYbzB6sMOn3A,"Fetched 05/24/2026, 8:08:10 PM GMT+8"
8244,Baguio City,@bernadettemunoz681,2 weeks ago,Happy viewing po mga kapatid mula sa lokal ng Baguio City!!,https://www.youtube.com/watch?v=ROa3kbG5M0U&lc=Ugyj8fizyAGWERoq_nN4AaABAg,Ugyj8fizyAGWERoq_nN4AaABAg,UC6vWZXKy95f8sqPXPSng16Q,"Fetched 05/24/2026, 8:08:10 PM GMT+8"
8245,Baguio City,@maiominicaantonio8340,2 weeks ago,"Happy viewing po sa lahat ng may tungkulin sa lokal ng Baguio City! Shout out po sa destinado ng lokal, Ka-Bert 🤘🏼",https://www.youtube.com/watch?v=ROa3kbG5M0U&lc=UgwctvRtfhUxrEMkVu54AaABAg,UgwctvRtfhUxrEMkVu54AaABAg,UCQnJRqge5ah5cxULxIQXbXA,"Fetched 05/24/2026, 8:08:10 PM GMT+8"
8246,Baguio City,@cristieprestoza8684,2 weeks ago,Happy viewing po from Lokal ng Baguio City 💕,https://www.youtube.com/watch?v=ROa3kbG5M0U&lc=UgzzT84dThQ4qh8A9kB4AaABAg,UgzzT84dThQ4qh8A9kB4AaABAg,UC9uBnPXkSRRnoS64kUU4x0Q,"Fetched 05/24/2026, 8:08:10 PM GMT+8"
8247,Baguio City,@diaryofelsi,2 weeks ago,Happy viewing po from Local of Baguio city District of Benguet,https://www.youtube.com/watch?v=ROa3kbG5M0U&lc=Ugz6tQdMPfMtvZcKaRh4AaABAg,Ugz6tQdMPfMtvZcKaRh4AaABAg,UCYe4fMD-uAsL9X2hVG-Nrjg,"Fetched 05/24/2026, 8:08:10 PM GMT+8"
8248,Baguio City,@IsabeloObedoza,2 weeks ago,Happy viewing Baguio City,https://www.youtube.com/watch?v=ROa3kbG5M0U&lc=UgzATZhu-10Iix4KqY14AaABAg,UgzATZhu-10Iix4KqY14AaABAg,UCf39KWojbxNlYRzUo6zvLQA,"Fetched 05/24/2026, 8:08:10 PM GMT+8"
8249,Baguio City,@felixtalavera9407,2 weeks ago,Lokal ng Baguio City 🟢 🤍 ❤Distrito ng Benguet,https://www.youtube.com/watch?v=ROa3kbG5M0U&lc=Ugxlu5UAn2ygPjqvr1t4AaABAg,Ugxlu5UAn2ygPjqvr1t4AaABAg,UCBMFKUXaPZs0jZSFpLhJNWg,"Fetched 05/24/2026, 8:08:10 PM GMT+8"
8250,Baguio City,@mackyretz,2 weeks ago,From Lokal po ng Baguio City,https://www.youtube.com/watch?v=ROa3kbG5M0U&lc=UgyLPXmGHTrjCfwoTsp4AaABAg,UgyLPXmGHTrjCfwoTsp4AaABAg,UCLBlzMJhgKl2nQzxR-BDc1w,"Fetched 05/24/2026, 8:08:10 PM GMT+8"
8251,Baguio City,@elaizaveniceantonio8756,2 weeks ago,happy viewing po mula po sa Lokal ng Baguio City !,https://www.youtube.com/watch?v=ROa3kbG5M0U&lc=UgwRl0q5FLFk8jgiGip4AaABAg,UgwRl0q5FLFk8jgiGip4AaABAg,UCWG0uMJfrHKBymnZPaLYV8w,"Fetched 05/24/2026, 8:08:10 PM GMT+8"
8252,Baguio City,@mackyretz,2 weeks ago,From Lokal po ng Baguio City,https://www.youtube.com/watch?v=ROa3kbG5M0U&lc=UgxGyNrtj3U4TRNlb0R4AaABAg,UgxGyNrtj3U4TRNlb0R4AaABAg,UCLBlzMJhgKl2nQzxR-BDc1w,"Fetched 05/24/2026, 8:08:10 PM GMT+8"
8253,Baguio City,@goodeveningph,2 weeks ago,"Magandang Araw po mula sa Lokal ng Baguio City,Benguet. 🇮🇹🏆✨💖",https://www.youtube.com/watch?v=ROa3kbG5M0U&lc=Ugz078Jq11j-rBGwLr14AaABAg,Ugz078Jq11j-rBGwLr14AaABAg,UCFkUR62ppxufXvpVA-cEJnw,"Fetched 05/24/2026, 8:08:10 PM GMT+8"
8254,Baguio City,@rollysibal2967,2 weeks ago (edited),"Happy viewing from lokal Po ng Baguio city,distrito ng benguet",https://www.youtube.com/watch?v=ROa3kbG5M0U&lc=Ugz8Yzoal1jd99OQ9nd4AaABAg,Ugz8Yzoal1jd99OQ9nd4AaABAg,UC65bwBfJrpBYAeWqkxwLrWg,"Fetched 05/24/2026, 8:08:10 PM GMT+8"
8255,Baguio City,@LhexieTindo,2 weeks ago (edited),"Happy viewing po, mula po sa Lokal ng Baguio City. Go BENGUET!!",https://www.youtube.com/watch?v=ROa3kbG5M0U&lc=UgyUOIOGiDEtHPZPC9V4AaABAg,UgyUOIOGiDEtHPZPC9V4AaABAg,UCJ8gw3BSS_9BNm6KDY9I-ng,"Fetched 05/24/2026, 8:08:10 PM GMT+8"
8256,Baguio City,@Osmund1226,2 weeks ago,Happy viewing from lokal ng baguio city .. binabati ko po ang lahat ng mga kapatid sa distrito ng benguet,https://www.youtube.com/watch?v=ROa3kbG5M0U&lc=Ugyyya5iVsH0aEAzZYV4AaABAg,Ugyyya5iVsH0aEAzZYV4AaABAg,UCeg9alL6uLA-NYJz-8k_-bw,"Fetched 05/24/2026, 8:08:10 PM GMT+8"
8257,Baguio City,@Trishaanddomgies,2 weeks ago,happy viewing po from the local ng Baguio city ❤,https://www.youtube.com/watch?v=ROa3kbG5M0U&lc=UgwvuzXxtR5WSO10ecB4AaABAg,UgwvuzXxtR5WSO10ecB4AaABAg,UCEOCjdeOOUsKdeZjjs15sxg,"Fetched 05/24/2026, 8:08:10 PM GMT+8"
8258,Baguio City,@shairamaelebadia3880,2 weeks ago,"Happy Viewing po mga kapatid mula po sa lokal ng Baguio City, Distrito ng Benguet!",https://www.youtube.com/watch?v=ROa3kbG5M0U&lc=UgyIw5_WShtF8WXA58F4AaABAg,UgyIw5_WShtF8WXA58F4AaABAg,UCYTsmwMJo4lK8oT5pnmdbPQ,"Fetched 05/24/2026, 8:08:10 PM GMT+8"
8259,Baguio City,@chabomschoochoo7024,2 weeks ago,"Happy viewing po sa lahat ng mga kapatid, mula po sa lokal ng Baguio City",https://www.youtube.com/watch?v=ROa3kbG5M0U&lc=Ugx1lChuCBAHrLFJEEt4AaABAg,Ugx1lChuCBAHrLFJEEt4AaABAg,UCKiaFWD5SQ0BKPqrKOGlOpQ,"Fetched 05/24/2026, 8:08:10 PM GMT+8"
8260,Baguio City,@NemisLry,2 weeks ago,"Happy Viewing po to all brethren!! Greetings po from Lokal ng Baguio City, Distrito ng Benguet 🎉😊",https://www.youtube.com/watch?v=ROa3kbG5M0U&lc=Ugwl80zLKi-x-fYi4rt4AaABAg,Ugwl80zLKi-x-fYi4rt4AaABAg,UCI1tU8szly9wbr6jFwAWGNw,"Fetched 05/24/2026, 8:08:10 PM GMT+8"
8261,Baguio City,@ChustineSoriano-vn3dg,2 weeks ago,Happy Viewing po mula po sa lokal ng Baguio City,https://www.youtube.com/watch?v=ROa3kbG5M0U&lc=UgyZLTtRAU7lKi7Zkg94AaABAg,UgyZLTtRAU7lKi7Zkg94AaABAg,UCrAPWlA8sXUguiiB66d-0IA,"Fetched 05/24/2026, 8:08:10 PM GMT+8"
8262,Baguio City,@RicardoEscano-i8t,2 weeks ago,Happy viewing po from lokal ng Baguio City,https://www.youtube.com/watch?v=ROa3kbG5M0U&lc=Ugy4S_REopb0icjnh4N4AaABAg,Ugy4S_REopb0icjnh4N4AaABAg,UCx5tSdPtYk2QHYCrbAuEwqQ,"Fetched 05/24/2026, 8:08:10 PM GMT+8"
8263,Baguio City,@mirapakipac674,2 weeks ago,"Happy viewing po mga kapatid, from lokal mg Baguio City.",https://www.youtube.com/watch?v=ROa3kbG5M0U&lc=UgwwvyKngMwsQMXZ7Zp4AaABAg,UgwwvyKngMwsQMXZ7Zp4AaABAg,UCoWuM8c4gFub3KUeNOE1D3Q,"Fetched 05/24/2026, 8:08:10 PM GMT+8"
8264,Baguio City,@MarianneMacadangdang,2 weeks ago,Happy viewing po from Locale of Baguio City,https://www.youtube.com/watch?v=ROa3kbG5M0U&lc=UgzGqVfmQHDR1dcP8ht4AaABAg,UgzGqVfmQHDR1dcP8ht4AaABAg,UCCtaEpO8gCc6Vd1RKP51UyQ,"Fetched 05/24/2026, 8:08:10 PM GMT+8"
8265,Baguio City,@AllowinHaight,2 weeks ago,Happy viewing po sa lahat ng nanonood... Mula po sa lokal ng Baguio City... 😊😊❤❤❤,https://www.youtube.com/watch?v=ROa3kbG5M0U&lc=UgwO9o3xK5b_1cBg3l94AaABAg,UgwO9o3xK5b_1cBg3l94AaABAg,UCVNA-t7TTSXqDGFqQKlVt3g,"Fetched 05/24/2026, 8:08:10 PM GMT+8"
8266,Baguio City,@Adliselb,2 weeks ago,Happy viewing po sa lahat Ng mga maytungkulin Ng Baguio city po...,https://www.youtube.com/watch?v=ROa3kbG5M0U&lc=UgxoeC9Qb0f50Q6N_kJ4AaABAg,UgxoeC9Qb0f50Q6N_kJ4AaABAg,UCqdcIovy1nUIY294NOXH8LQ,"Fetched 05/24/2026, 8:08:10 PM GMT+8"
8267,Baguio City,@hazelhalican2149,2 weeks ago,Happy viewing po sa lahat ng kapatid 💚 / Mula po sa lokal ng Baguio city 💚💚💚,https://www.youtube.com/watch?v=ROa3kbG5M0U&lc=Ugwy48NsOJfbIkjAr414AaABAg,Ugwy48NsOJfbIkjAr414AaABAg,UC5JK1YaWy38yVHiRtJW47sw,"Fetched 05/24/2026, 8:08:10 PM GMT+8"
8268,Baguio City,@luiscabanlong1307,2 weeks ago,Happy viewing po from lokal ng BAGUIO CITY,https://www.youtube.com/watch?v=ROa3kbG5M0U&lc=UgypoUdmS1kY15i5-nN4AaABAg,UgypoUdmS1kY15i5-nN4AaABAg,UC_8a4GdUT9DkUEAijB1nj-g,"Fetched 05/24/2026, 8:08:10 PM GMT+8"
8269,Baguio City,@rcaong8456,2 weeks ago (edited),"Happy Viewing po Mula sa   Lokal ng Baguio City, Benguet 🇮🇹",https://www.youtube.com/watch?v=ROa3kbG5M0U&lc=Ugzdylj-KQSL40ygOsF4AaABAg,Ugzdylj-KQSL40ygOsF4AaABAg,UC_TAqhdL_545trgigjJp9tg,"Fetched 05/24/2026, 8:08:10 PM GMT+8"
8270,Baguio City,@wilziellopez92,2 weeks ago,Happy viewing po from lokal ng baguio city🎉,https://www.youtube.com/watch?v=ROa3kbG5M0U&lc=UgwbbkOR3WfCSZK6WWV4AaABAg,UgwbbkOR3WfCSZK6WWV4AaABAg,UC4h-4S2bw8p3rD7ILpRnHlw,"Fetched 05/24/2026, 8:08:10 PM GMT+8"
8271,Baguio City,@ierdsontadeo9038,2 weeks ago,Happy Viewing from lokal ng Baguio City❤,https://www.youtube.com/watch?v=ROa3kbG5M0U&lc=UgzqswmqMDFjKMdh5Fl4AaABAg,UgzqswmqMDFjKMdh5Fl4AaABAg,UCAkChrIipEMHPaGighhIeMw,"Fetched 05/24/2026, 8:08:10 PM GMT+8"
8272,Baguio City,@JuniceAnntonetteRedoble,2 weeks ago,"Happy watching po from Lokal ng Baguio City, Distrito ng Benguet",https://www.youtube.com/watch?v=ROa3kbG5M0U&lc=UgwkeVghyHzlKbS3mnZ4AaABAg,UgwkeVghyHzlKbS3mnZ4AaABAg,UCP_AFj1bmiJwq7OlyfLlncw,"Fetched 05/24/2026, 8:08:10 PM GMT+8"
8273,Baguio City,@ailynsantos188,2 weeks ago,Happy viewing po sa lahat ng maytungkulin sa lokal ng Baguio City. Mula po sa lokal ng Baguio City.,https://www.youtube.com/watch?v=ROa3kbG5M0U&lc=UgzyiLEGHNHetE-mytR4AaABAg,UgzyiLEGHNHetE-mytR4AaABAg,UC7A8RhlsEWznmzGIH4Zh37Q,"Fetched 05/24/2026, 8:08:10 PM GMT+8"
8274,Baguio City,@juliusbarrientos9957,2 weeks ago,Happy viewing po sa lahat.from lokal ng baguio city,https://www.youtube.com/watch?v=ROa3kbG5M0U&lc=UgxaGjK8Yoh9xvq4VYR4AaABAg,UgxaGjK8Yoh9xvq4VYR4AaABAg,UC9yAc_2anjqv7qG6J0BXtHQ,"Fetched 05/24/2026, 8:08:10 PM GMT+8"
8275,Baguio City,@FELIXCASTILLO-d6k,2 weeks ago,Watching from Baguio City Benguet🎉,https://www.youtube.com/watch?v=ROa3kbG5M0U&lc=Ugzb71X1X_J-lXkbNQR4AaABAg,Ugzb71X1X_J-lXkbNQR4AaABAg,UCzYZJSgSHmHSChay7k3DlyA,"Fetched 05/24/2026, 8:08:10 PM GMT+8"
8276,Baguio City,@sensuihunter,2 weeks ago,Happy viewing po !! from lokal ng Baguio city.❤🇮🇹🙏😊,https://www.youtube.com/watch?v=ROa3kbG5M0U&lc=UgzVLobjPohH8eBkcEd4AaABAg,UgzVLobjPohH8eBkcEd4AaABAg,UCUF3ZsIXHKg09MNMclygsCA,"Fetched 05/24/2026, 8:08:10 PM GMT+8"
8277,Baguio City,@dayobohol5487,2 weeks ago,Happy viewing  mula sa lokal ng baguio city,https://www.youtube.com/watch?v=ROa3kbG5M0U&lc=UgwdgqKvVfpuV5HJu4N4AaABAg,UgwdgqKvVfpuV5HJu4N4AaABAg,UCnRGnqKPM39foMzRCWJzKzw,"Fetched 05/24/2026, 8:08:10 PM GMT+8"
8278,Baguio City,@karenpagaduan7447,2 weeks ago,"Maligayang panonood po sa lahat ng mga maytungkulin sa Lokal ng Baguio City. Binabati rin po namin ang aming destinado, ang ka Norberto Mislang! Happy viewing po! ❤",https://www.youtube.com/watch?v=ROa3kbG5M0U&lc=UgyqP2NevJ1SRRzJ3Wx4AaABAg,UgyqP2NevJ1SRRzJ3Wx4AaABAg,UC6-F0wGRyOUm1Vqv7OTu1Ew,"Fetched 05/24/2026, 8:08:10 PM GMT+8"
8279,Baguio City,@alessandroaustria7163,2 weeks ago,Happy viewing po sa lahat ng kapatid. Greetings po from Baguio City!,https://www.youtube.com/watch?v=ROa3kbG5M0U&lc=Ugxb76FA9zLcKqiUudN4AaABAg,Ugxb76FA9zLcKqiUudN4AaABAg,UCIvZ-Dk-7tFlazKZtmRfYIg,"Fetched 05/24/2026, 8:08:10 PM GMT+8"
8280,Baguio City,@BenDeCastro-u4z,2 weeks ago,Happy Veiwing from Lokal ng Baguio City,https://www.youtube.com/watch?v=ROa3kbG5M0U&lc=UgzL51_XqjM9HBuxNWZ4AaABAg,UgzL51_XqjM9HBuxNWZ4AaABAg,UCTNrED-lGbnT048flk4t4AQ,"Fetched 05/24/2026, 8:08:10 PM GMT+8"
8281,Baguio City,@joannevillamor5443,2 weeks ago,"Happy viewing from Lokal ng Baguio City, Benguet.",https://www.youtube.com/watch?v=ROa3kbG5M0U&lc=Ugx0508cDBSuJw8rnu14AaABAg,Ugx0508cDBSuJw8rnu14AaABAg,UCUdqvb0fY6NruOlHUfvBFMA,"Fetched 05/24/2026, 8:08:10 PM GMT+8"
8282,Baguio City,@alvarojohnfrancist.6841,2 weeks ago,"Happy viewing po mula sa Lokal ng Baguio City, Distrito po ng Benguet 💖",https://www.youtube.com/watch?v=ROa3kbG5M0U&lc=UgyGqRsyw2buGIsJkrV4AaABAg,UgyGqRsyw2buGIsJkrV4AaABAg,UCCPAdaHnwhSj5sZwEa6jOqQ,"Fetched 05/24/2026, 8:08:10 PM GMT+8"
8283,Baguio City,@geneprado-ro1lf,2 weeks ago,Happy viewing po from lokal ng Baguio City,https://www.youtube.com/watch?v=ROa3kbG5M0U&lc=Ugx0FfDrbbk0GmkOnQ94AaABAg,Ugx0FfDrbbk0GmkOnQ94AaABAg,UC2Z9rmo043mQs6MJc9yF7XA,"Fetched 05/24/2026, 8:08:10 PM GMT+8"
8284,Baguio City,@erlx_pscs09,2 weeks ago,"Happy Viewing po mula sa lahat ng mga kapatid po sa Lokal Ng Baguio City, Distrito ng Benguet",https://www.youtube.com/watch?v=ROa3kbG5M0U&lc=UgxOF7zzpnzDnRKDHoR4AaABAg,UgxOF7zzpnzDnRKDHoR4AaABAg,UC0QNJHy5S_84OgjXVPq7ExQ,"Fetched 05/24/2026, 8:08:10 PM GMT+8"
8285,Baguio City,@giloribello,2 weeks ago,Baguio City happy viewing po sa lahat at sa aming Destinado,https://www.youtube.com/watch?v=ROa3kbG5M0U&lc=UgwboGqL8KtO76uxfGt4AaABAg,UgwboGqL8KtO76uxfGt4AaABAg,UCDoxrvwIaC8g19_zJaWhluQ,"Fetched 05/24/2026, 8:08:10 PM GMT+8"
8286,Baguio City,@rwecca,2 weeks ago,"Happy Viewing po! Pagbati po mula sa Lokal ng Baguio City, Distrito ng Benguet. 🎉",https://www.youtube.com/watch?v=ROa3kbG5M0U&lc=UgwMZiVXSlT5iirmfhx4AaABAg,UgwMZiVXSlT5iirmfhx4AaABAg,UCA-posS3SfoSI3GqHa_QfOg,"Fetched 05/24/2026, 8:08:10 PM GMT+8"
8287,Baguio City,@danielsangalang4416,2 weeks ago,Happy viewing po sa lahat ng may tungkulin sa Lokal po ng Baguio City.,https://www.youtube.com/watch?v=ROa3kbG5M0U&lc=UgylR1ZJeGMxYi0Gkrl4AaABAg,UgylR1ZJeGMxYi0Gkrl4AaABAg,UCd83g5cGg_Es6Qyl02u7jdw,"Fetched 05/24/2026, 8:08:10 PM GMT+8"
8288,Baguio City,@romulodeverajr.9937,2 weeks ago,Happy Viewing po sa lahat ng lokal ng Baguio City Distrito NG Benguet.,https://www.youtube.com/watch?v=ROa3kbG5M0U&lc=UgzjS7fNaawl8p8DJsV4AaABAg,UgzjS7fNaawl8p8DJsV4AaABAg,UCp-gBjV5Wh420GHK3cminkw,"Fetched 05/24/2026, 8:08:10 PM GMT+8"
8289,Baguio City,@Riri-c8t9q,2 weeks ago,Happy viewing po from Lokal ng Baguio City💜,https://www.youtube.com/watch?v=ROa3kbG5M0U&lc=UgwV-rjDlvi5Sxvp-ct4AaABAg,UgwV-rjDlvi5Sxvp-ct4AaABAg,UCfSaCY2HyuAqIsHyWgtRT8w,"Fetched 05/24/2026, 8:08:10 PM GMT+8"
8290,Baguio City,@ivymorenomaravilla,2 weeks ago,"Happppy Viewing po. Mula sa Lokal ng Baguio City, Distrito ng Benguet!!! 🎉🎉🎉🎉",https://www.youtube.com/watch?v=ROa3kbG5M0U&lc=UgxM7sHcWRx8knT0oK54AaABAg,UgxM7sHcWRx8knT0oK54AaABAg,UC32rXNkKQhO9c-YLliCwYLg,"Fetched 05/24/2026, 8:08:10 PM GMT+8"
8291,Baguio City,@cailalopez1432,2 weeks ago,Happy viewing sa lahat po ng maytungkulin sa Lokal ng Baguio City😊,https://www.youtube.com/watch?v=ROa3kbG5M0U&lc=Ugy7GJEvji8bXXH6FB54AaABAg,Ugy7GJEvji8bXXH6FB54AaABAg,UC4vNiF4ZwStsHoLVPgHoemQ,"Fetched 05/24/2026, 8:08:10 PM GMT+8"
8292,Baguio City,@dianajeantagama179,2 weeks ago,happy viewing from lokal ng baguio city!,https://www.youtube.com/watch?v=ROa3kbG5M0U&lc=Ugwo29Jj3GY2CKM_vO94AaABAg,Ugwo29Jj3GY2CKM_vO94AaABAg,UCtxgUt70kaMrKEdhaVe9_lg,"Fetched 05/24/2026, 8:08:10 PM GMT+8"
8293,Baguio City,@ivymorenomaravilla,2 weeks ago,"Happppy Viewing po. Mula sa Lokal ng Baguio City, Distrito ng Benguet!!! 🎉🎉🎉🎉",https://www.youtube.com/watch?v=ROa3kbG5M0U&lc=Ugxg1iWehYEgi3QQsHx4AaABAg,Ugxg1iWehYEgi3QQsHx4AaABAg,UC32rXNkKQhO9c-YLliCwYLg,"Fetched 05/24/2026, 8:08:10 PM GMT+8"
8294,Baguio City,@brucelawrenceluna5275,2 weeks ago,Happy Viewing po sa mga kapatid sa lokal ng baguio city,https://www.youtube.com/watch?v=ROa3kbG5M0U&lc=Ugy67kVRNw-HKf7_D2p4AaABAg,Ugy67kVRNw-HKf7_D2p4AaABAg,UCU5MDBJHazaeKrRGdpRG2cg,"Fetched 05/24/2026, 8:08:10 PM GMT+8"
8295,Baguio City,@MatthewDaoa,2 weeks ago,happy viewing mula po lokal ng Baguio City ❤❤,https://www.youtube.com/watch?v=ROa3kbG5M0U&lc=Ugz6kbj6-pRhNKizwTR4AaABAg,Ugz6kbj6-pRhNKizwTR4AaABAg,UCbkQ9_wG0Bx85fAK7aZwTPQ,"Fetched 05/24/2026, 8:08:10 PM GMT+8"
8296,Baguio City,@shanwithazed,2 weeks ago,"Happy Viewing po to all the brethren across the world, from the Locale Conggregation of Baguio City, Ecclesiastical District of Benguet! ✨🫶🏽",https://www.youtube.com/watch?v=ROa3kbG5M0U&lc=Ugx5gGgLBANNrRwVpDR4AaABAg,Ugx5gGgLBANNrRwVpDR4AaABAg,UCc59kmMPc6SSznDFgbbM0_w,"Fetched 05/24/2026, 8:08:10 PM GMT+8"
8297,Baguio City,@ezrah8637,2 weeks ago,Happy viewing po mula sa Lokal ng Baguio City! ❤,https://www.youtube.com/watch?v=ROa3kbG5M0U&lc=UgxmBA7hxSzTkeX9YSV4AaABAg,UgxmBA7hxSzTkeX9YSV4AaABAg,UCoIa8U2n-EOwrHviBH3s7mQ,"Fetched 05/24/2026, 8:08:10 PM GMT+8"
8298,Baguio City,@Jerald-z6n,2 weeks ago,Happy Viewing po mula sa Lokal ng Baguio City Distrito ng Benguet,https://www.youtube.com/watch?v=ROa3kbG5M0U&lc=UgwUQ5ctDeKyUe35rLJ4AaABAg,UgwUQ5ctDeKyUe35rLJ4AaABAg,UC8g_QZnHM6Ifblgpu6cGOqQ,"Fetched 05/24/2026, 8:08:10 PM GMT+8"
8299,Baguio City,@ivymorenomaravilla,2 weeks ago,"Happppy Viewing po. Mula sa Lokal ng Baguio City, Distrito ng Benguet!!! 🎉🎉🎉🎉",https://www.youtube.com/watch?v=ROa3kbG5M0U&lc=Ugws-rrF-zmXDekx6zN4AaABAg,Ugws-rrF-zmXDekx6zN4AaABAg,UC32rXNkKQhO9c-YLliCwYLg,"Fetched 05/24/2026, 8:08:10 PM GMT+8"
8300,Baguio City,@ivymorenomaravilla,2 weeks ago,"Happppy Viewing po. Mula sa Lokal ng Baguio City, Distrito ng Benguet!!! 🎉🎉🎉🎉",https://www.youtube.com/watch?v=ROa3kbG5M0U&lc=UgwQTD6xpqnzF5C2qqd4AaABAg,UgwQTD6xpqnzF5C2qqd4AaABAg,UC32rXNkKQhO9c-YLliCwYLg,"Fetched 05/24/2026, 8:08:10 PM GMT+8"
8301,Baguio City,@jaspermendoza8063,2 weeks ago,Happy viewing po mula sa Lokal ng Baguio City ❤❤❤🎉🎉🎉,https://www.youtube.com/watch?v=ROa3kbG5M0U&lc=UgyUMkcJXgt5-xNxfCN4AaABAg,UgyUMkcJXgt5-xNxfCN4AaABAg,UCDgKwVMjurk7DTLE0Q4-_6A,"Fetched 05/24/2026, 8:08:10 PM GMT+8"
8302,Baguio City,@AdliselbAoad,2 weeks ago,Happy Viewing po / Lokal ng Baguio City / Bago Pumuntaxng Pulong,https://www.youtube.com/watch?v=ROa3kbG5M0U&lc=Ugwy1Aic_y_PASl43Yx4AaABAg,Ugwy1Aic_y_PASl43Yx4AaABAg,UCDFkFpLctdryYbzB6sMOn3A,"Fetched 05/24/2026, 8:08:10 PM GMT+8"
8303,Baguio City,@raniel6484,2 weeks ago,"Happy viewing po from Lokal ng Baguio City, District of Benguet❤️",https://www.youtube.com/watch?v=ROa3kbG5M0U&lc=Ugy6WJXGRM7-svp467Z4AaABAg,Ugy6WJXGRM7-svp467Z4AaABAg,UC_E4Lq5ZIAuLT4vVzqpRoHw,"Fetched 05/24/2026, 8:08:10 PM GMT+8"
8304,Baguio City,@NorbertoMislang-k1f,2 weeks ago,Maligayang panonood mula sa lokal ng Baguio City,https://www.youtube.com/watch?v=ROa3kbG5M0U&lc=UgxEVtYsF2l1g3urqUd4AaABAg,UgxEVtYsF2l1g3urqUd4AaABAg,UCHrMwbP6cIZPIlWf5nvI8dA,"Fetched 05/24/2026, 8:08:10 PM GMT+8"
8305,Baguio City,@agudongdencebaylorb.6757,2 weeks ago,Happy viewing po sa lahat! Pagbati mula po sa Lokal ng Baguio City Distrito ng Benguet!,https://www.youtube.com/watch?v=ROa3kbG5M0U&lc=UgxSyAekEuylQ6vtB_B4AaABAg,UgxSyAekEuylQ6vtB_B4AaABAg,UCk7OB5KugstrmQSDU7Q4lDQ,"Fetched 05/24/2026, 8:08:10 PM GMT+8"
8306,Baguio City,@danielsangalang4416,2 weeks ago,Mula po sa Lokal Ng Baguio City maligayang panonood po🇮🇹,https://www.youtube.com/watch?v=ROa3kbG5M0U&lc=Ugzl50hHrcl8sGCFFl14AaABAg,Ugzl50hHrcl8sGCFFl14AaABAg,UCd83g5cGg_Es6Qyl02u7jdw,"Fetched 05/24/2026, 8:08:10 PM GMT+8"
8307,Baguio City,@AdliselbAoad,2 weeks ago,Watching From Loacale of Baguio City / GoGoGo Benguet.......,https://www.youtube.com/watch?v=ROa3kbG5M0U&lc=UgzUJ3Mu9tKM_FPfDuN4AaABAg,UgzUJ3Mu9tKM_FPfDuN4AaABAg,UCDFkFpLctdryYbzB6sMOn3A,"Fetched 05/24/2026, 8:08:10 PM GMT+8"
8308,Baguio City,@erisscc,2 weeks ago,Happy viewing po from Lokal ng Baguio City ☺️,https://www.youtube.com/watch?v=ROa3kbG5M0U&lc=UgwefdlDTuFiAUufMBt4AaABAg,UgwefdlDTuFiAUufMBt4AaABAg,UCzcVh63D4KQUlzNdzYz9WYg,"Fetched 05/24/2026, 8:08:10 PM GMT+8"
8309,Baguio City,@NorbertoMislang-k1f,2 weeks ago,Happy viewing from lokal of Baguio City...,https://www.youtube.com/watch?v=ROa3kbG5M0U&lc=UgzuoJpFXrLiX6Y2B0d4AaABAg,UgzuoJpFXrLiX6Y2B0d4AaABAg,UCHrMwbP6cIZPIlWf5nvI8dA,"Fetched 05/24/2026, 8:08:10 PM GMT+8"
8310,Baguio City,@Aifread-88,2 weeks ago,Happy viewing po. From Baguio City.,https://www.youtube.com/watch?v=ROa3kbG5M0U&lc=Ugx63NpzJeS5Jy_amjl4AaABAg,Ugx63NpzJeS5Jy_amjl4AaABAg,UCNrx6RQaDjBc2zxTfyx-arw,"Fetched 05/24/2026, 8:08:10 PM GMT+8"
8311,Baguio City,@benguettechteam3502,2 weeks ago,Viewing from the Local Congregation of Baguio City.,https://www.youtube.com/watch?v=ROa3kbG5M0U&lc=Ugw7SZbqK5tntMFzMbl4AaABAg,Ugw7SZbqK5tntMFzMbl4AaABAg,UCKYEyZ6aSS0sXQwiPWMxkvA,"Fetched 05/24/2026, 8:08:10 PM GMT+8"
8312,Baguio City,@reeseroxas8473,2 weeks ago (edited),Greetings po mula sa mga mang-aawit ng Lokal po ng Baguio City,https://www.youtube.com/watch?v=ROa3kbG5M0U&lc=UgyAvcscuh6H9uy2MpF4AaABAg,UgyAvcscuh6H9uy2MpF4AaABAg,UCKaOpMA1QPpOjmS7FBdl8Yw,"Fetched 05/24/2026, 8:08:10 PM GMT+8"
8313,Baguio City,@janengo1283,2 weeks ago,Happy viewing po from BAGUIO CITY!!!,https://www.youtube.com/watch?v=ROa3kbG5M0U&lc=UgzsIJWZWdh0CmEV6Hp4AaABAg,UgzsIJWZWdh0CmEV6Hp4AaABAg,UCQzK0PCPt6Nt4Wh9WQ68a0g,"Fetched 05/24/2026, 8:08:10 PM GMT+8"
8314,Baguio City,@daisycastaneda7972,2 weeks ago,"Happy watching to all po ,greetings from Lokal ng Baguio City ,Distrito ng Benguet.",https://www.youtube.com/watch?v=ROa3kbG5M0U&lc=UgxuL_VnwOFHcBbO1994AaABAg,UgxuL_VnwOFHcBbO1994AaABAg,UCD3NlGp4eLYcR2RGC7FwnKQ,"Fetched 05/24/2026, 8:08:10 PM GMT+8"
8315,Baguio City,@NorbertoMislang-k1f,2 weeks ago,Watching from Baguio City distrito ng Benguet..,https://www.youtube.com/watch?v=ROa3kbG5M0U&lc=UgxPVupW__liCZpE0nN4AaABAg,UgxPVupW__liCZpE0nN4AaABAg,UCHrMwbP6cIZPIlWf5nvI8dA,"Fetched 05/24/2026, 8:08:10 PM GMT+8"
8316,Baguio City,@dayobohol5487,2 weeks ago,Happy viewing mula po sa lokal ng baguio city,https://www.youtube.com/watch?v=ROa3kbG5M0U&lc=Ugy2CYLmt9ckJ71YmQh4AaABAg,Ugy2CYLmt9ckJ71YmQh4AaABAg,UCnRGnqKPM39foMzRCWJzKzw,"Fetched 05/24/2026, 8:08:10 PM GMT+8"
8317,Baguio City,@AdliselbAoad,2 weeks ago,"Happy Viewing Po / From Locale of Baguio City,District of Benguet❤❤❤",https://www.youtube.com/watch?v=ROa3kbG5M0U&lc=UgzXlctzJME01UvGVl14AaABAg,UgzXlctzJME01UvGVl14AaABAg,UCDFkFpLctdryYbzB6sMOn3A,"Fetched 05/24/2026, 8:08:10 PM GMT+8"
8318,Baguio City,@SARAHCHELLENAVARRO-hj8nh,2 weeks ago,"Happy watching from Lokal ng Baguio City, Distrito ng Benguet❤",https://www.youtube.com/watch?v=ROa3kbG5M0U&lc=UgzgER6K_qFsgB0tktJ4AaABAg,UgzgER6K_qFsgB0tktJ4AaABAg,UCrm-Qe83hSU1wDs_CHxVHSA,"Fetched 05/24/2026, 8:08:10 PM GMT+8"
8319,Baguio City,@boholhazeline05,2 weeks ago,"Happy viewing po, from lokal ng baguio city❤❤",https://www.youtube.com/watch?v=ROa3kbG5M0U&lc=Ugx-9e_VYihCbIRYHvJ4AaABAg,Ugx-9e_VYihCbIRYHvJ4AaABAg,UCNxuEnfuDgIEBwBrpx_Pl3w,"Fetched 05/24/2026, 8:08:10 PM GMT+8"
8320,Baguio City,@JonnerGuilod-ye5rs,2 weeks ago,"Happy Viewing po mula po sa Lokal ng Baguio City, Distrito ng Benguet!",https://www.youtube.com/watch?v=ROa3kbG5M0U&lc=UgxN011qi5CQbxAMk4R4AaABAg,UgxN011qi5CQbxAMk4R4AaABAg,UCqAZvKcFKWAYBEWjNAhZEZw,"Fetched 05/24/2026, 8:08:10 PM GMT+8"
8321,Baguio City,@NorbertoMislang-k1f,2 weeks ago,Happy viewing po sa lahat mula sa lokal ng Baguio city...,https://www.youtube.com/watch?v=ROa3kbG5M0U&lc=Ugwetb4EaR_9ylLvKUJ4AaABAg,Ugwetb4EaR_9ylLvKUJ4AaABAg,UCHrMwbP6cIZPIlWf5nvI8dA,"Fetched 05/24/2026, 8:08:10 PM GMT+8"
8322,Baguio City,@primegarlitos4166,3 weeks ago,❤🎉 Baguio City!,https://www.youtube.com/watch?v=ROa3kbG5M0U&lc=Ugyer-nlIh2Q_Ko1_c14AaABAg,Ugyer-nlIh2Q_Ko1_c14AaABAg,UCCLVWodbPklUEkhu-BVHHMw,"Fetched 05/24/2026, 8:08:10 PM GMT+8"
8323,Baguio City,@cherrydevera8251,3 weeks ago,Happy viewing to all brethren around the world fr. Locale of Baguio City District of Benguet. ❤️❤️❤️,https://www.youtube.com/watch?v=ROa3kbG5M0U&lc=UgwLjZ7Wuj2A6DpwrzF4AaABAg,UgwLjZ7Wuj2A6DpwrzF4AaABAg,UCrod3zHPNdFZBv-HyVuLJ3g,"Fetched 05/24/2026, 8:08:10 PM GMT+8"
8324,Baguio City,@AshieeLardizabal,3 weeks ago,"Happy Viewing po, mula sa local ng Baguio City distrito ng Benguet",https://www.youtube.com/watch?v=ROa3kbG5M0U&lc=Ugw81D0cHBrY-QF_LF54AaABAg,Ugw81D0cHBrY-QF_LF54AaABAg,UC0-ry3Fl14Ow5f-qYyFi4cA,"Fetched 05/24/2026, 8:08:10 PM GMT+8"
8325,Baguio City,@giloribello,3 weeks ago,Power to you all. From Baguio City locale. ❤❤❤ /  / God be glorified !,https://www.youtube.com/watch?v=ROa3kbG5M0U&lc=UgywwUTSqvjP6UZ3b_14AaABAg,UgywwUTSqvjP6UZ3b_14AaABAg,UCDoxrvwIaC8g19_zJaWhluQ,"Fetched 05/24/2026, 8:08:10 PM GMT+8"
8326,Baguio City,@levimabutas6628,3 weeks ago,Maligayang panonood po. Mula po dito sa lokal ng Baguio City...,https://www.youtube.com/watch?v=ROa3kbG5M0U&lc=UgwXlmavK8o68kOvRux4AaABAg,UgwXlmavK8o68kOvRux4AaABAg,UC5QGmbYttC7jRxZsWK-3kew,"Fetched 05/24/2026, 8:08:10 PM GMT+8"
8327,Baguio City,@JonnerGuilod-ye5rs,3 weeks ago,"From Lokal po ng Baguio City, Benguet",https://www.youtube.com/watch?v=ROa3kbG5M0U&lc=Ugx-BAwnB5R2tQ9g9594AaABAg,Ugx-BAwnB5R2tQ9g9594AaABAg,UCqAZvKcFKWAYBEWjNAhZEZw,"Fetched 05/24/2026, 8:08:10 PM GMT+8"
8328,Baguio City,@AleiliCaisip-f3g,3 weeks ago,"Happy viewing po mula sa lokal po ng Baguio city, Benguet 👏👏👏 ang ganda po at ang galing👏👏👏",https://www.youtube.com/watch?v=ROa3kbG5M0U&lc=UgyTS7sjlEZSiZIv6l14AaABAg,UgyTS7sjlEZSiZIv6l14AaABAg,UC6_X5vAPAhfo9Z2M4PLKJ1A,"Fetched 05/24/2026, 8:08:10 PM GMT+8"
8329,Baguio City,@arlynsadsaddarnayla,3 weeks ago,Go Benguet! Happy viewing po from Locale of Baguio City!,https://www.youtube.com/watch?v=ROa3kbG5M0U&lc=Ugxa0vcIIaOc7QpqX-d4AaABAg,Ugxa0vcIIaOc7QpqX-d4AaABAg,UCEpebcWdMuh8WoE06IwNIKA,"Fetched 05/24/2026, 8:08:10 PM GMT+8"
8330,Baguio City,@AdliselbAoad,3 weeks ago,Go! go! go!Benguet  / Happy Viewing po From Locale of Baguio City❤❤❤,https://www.youtube.com/watch?v=ROa3kbG5M0U&lc=Ugxk_XKZpmvlr7-z5k54AaABAg,Ugxk_XKZpmvlr7-z5k54AaABAg,UCDFkFpLctdryYbzB6sMOn3A,"Fetched 05/24/2026, 8:08:10 PM GMT+8"
8331,Baguio City,@FELIXCASTILLO-d6k,3 weeks ago,Happy viewing po  from Baguio City Benguet,https://www.youtube.com/watch?v=ROa3kbG5M0U&lc=UgxnhsDUZxJD9o_0xB14AaABAg,UgxnhsDUZxJD9o_0xB14AaABAg,UCzYZJSgSHmHSChay7k3DlyA,"Fetched 05/24/2026, 8:08:10 PM GMT+8"
8332,Baguio City,@Adliselb,3 weeks ago,Happy viewing po Mula sa lokal Ng Baguio city....,https://www.youtube.com/watch?v=ROa3kbG5M0U&lc=UgyFSjbXKgAKFAeYtFR4AaABAg,UgyFSjbXKgAKFAeYtFR4AaABAg,UCqdcIovy1nUIY294NOXH8LQ,"Fetched 05/24/2026, 8:08:10 PM GMT+8"
